file_path,file_name,category,sample_rate,duration_sec,num_samples,is_augmented
data/processed/audio_clean/belly pain/379c.wav,379c.wav,belly pain,22050,7.0,154350,False
data/processed/audio_clean/belly pain/406c.wav,406c.wav,belly pain,22050,7.0,154350,False
data/processed/audio_clean/belly pain/396c.wav,396c.wav,belly pain,22050,7.0,154350,False
data/processed/audio_clean/belly pain/402c.wav,402c.wav,belly pain,22050,7.0,154350,False
data/processed/audio_clean/belly pain/393c.wav,393c.wav,belly pain,22050,7.0,154350,False
data/processed/audio_clean/belly pain/370c.wav,370c.wav,belly pain,22050,7.0,154350,False
data/processed/audio_clean/belly pain/373c.wav,373c.wav,belly pain,22050,7.0,154350,False
data/processed/audio_clean/belly pain/361c.wav,361c.wav,belly pain,22050,7.0,154350,False
data/processed/audio_clean/belly pain/375c.wav,375c.wav,belly pain,22050,7.0,154350,False
data/processed/audio_clean/belly pain/362c.wav,362c.wav,belly pain,22050,7.0,154350,False
data/processed/audio_clean/belly pain/359c.wav,359c.wav,belly pain,22050,7.0,154350,False
data/processed/audio_clean/belly pain/410c.wav,410c.wav,belly pain,22050,7.0,154350,False
data/processed/audio_clean/belly pain/408c.wav,408c.wav,belly pain,22050,7.0,154350,False
data/processed/audio_clean/belly pain/365c.wav,365c.wav,belly pain,22050,7.0,154350,False
data/processed/audio_clean/belly pain/389c.wav,389c.wav,belly pain,22050,7.0,154350,False
data/processed/audio_clean/belly pain/369c.wav,369c.wav,belly pain,22050,7.0,154350,False
data/processed/audio_clean/belly pain/378c.wav,378c.wav,belly pain,22050,7.0,154350,False
data/processed/audio_clean/belly pain/405c.wav,405c.wav,belly pain,22050,7.0,154350,False
data/processed/audio_clean/belly pain/363c.wav,363c.wav,belly pain,22050,7.0,154350,False
data/processed/audio_clean/belly pain/388c.wav,388c.wav,belly pain,22050,7.0,154350,False
data/processed/audio_clean/belly pain/390c.wav,390c.wav,belly pain,22050,7.0,154350,False
data/processed/audio_clean/belly pain/371c.wav,371c.wav,belly pain,22050,7.0,154350,False
data/processed/audio_clean/belly pain/377c.wav,377c.wav,belly pain,22050,7.0,154350,False
data/processed/audio_clean/belly pain/387c.wav,387c.wav,belly pain,22050,7.0,154350,False
data/processed/audio_clean/belly pain/386c.wav,386c.wav,belly pain,22050,7.0,154350,False
data/processed/audio_clean/belly pain/372c.wav,372c.wav,belly pain,22050,7.0,154350,False
data/processed/audio_clean/belly pain/398c.wav,398c.wav,belly pain,22050,7.0,154350,False
data/processed/audio_clean/belly pain/367c.wav,367c.wav,belly pain,22050,7.0,154350,False
data/processed/audio_clean/belly pain/384c.wav,384c.wav,belly pain,22050,7.0,154350,False
data/processed/audio_clean/belly pain/380c.wav,380c.wav,belly pain,22050,7.0,154350,False
data/processed/audio_clean/belly pain/364c.wav,364c.wav,belly pain,22050,7.0,154350,False
data/processed/audio_clean/belly pain/400c.wav,400c.wav,belly pain,22050,7.0,154350,False
data/processed/audio_clean/belly pain/407c.wav,407c.wav,belly pain,22050,7.0,154350,False
data/processed/audio_clean/belly pain/395c.wav,395c.wav,belly pain,22050,7.0,154350,False
data/processed/audio_clean/belly pain/366c.wav,366c.wav,belly pain,22050,7.0,154350,False
data/processed/audio_clean/belly pain/391c.wav,391c.wav,belly pain,22050,7.0,154350,False
data/processed/audio_clean/belly pain/381c.wav,381c.wav,belly pain,22050,7.0,154350,False
data/processed/audio_clean/belly pain/360c.wav,360c.wav,belly pain,22050,7.0,154350,False
data/processed/audio_clean/belly pain/403c.wav,403c.wav,belly pain,22050,7.0,154350,False
data/processed/audio_clean/belly pain/401c.wav,401c.wav,belly pain,22050,7.0,154350,False
data/processed/audio_clean/belly pain/383c.wav,383c.wav,belly pain,22050,7.0,154350,False
data/processed/audio_clean/belly pain/357c.wav,357c.wav,belly pain,22050,7.0,154350,False
data/processed/audio_clean/belly pain/394c.wav,394c.wav,belly pain,22050,7.0,154350,False
data/processed/audio_clean/belly pain/368c.wav,368c.wav,belly pain,22050,7.0,154350,False
data/processed/audio_clean/belly pain/385c.wav,385c.wav,belly pain,22050,7.0,154350,False
data/processed/audio_clean/belly pain/399c.wav,399c.wav,belly pain,22050,7.0,154350,False
data/processed/audio_clean/belly pain/397c.wav,397c.wav,belly pain,22050,7.0,154350,False
data/processed/audio_clean/belly pain/404c.wav,404c.wav,belly pain,22050,7.0,154350,False
data/processed/audio_clean/belly pain/409c.wav,409c.wav,belly pain,22050,7.0,154350,False
data/processed/audio_clean/belly pain/374c.wav,374c.wav,belly pain,22050,7.0,154350,False
data/processed/audio_clean/belly pain/358c.wav,358c.wav,belly pain,22050,7.0,154350,False
data/processed/audio_clean/belly pain/376c.wav,376c.wav,belly pain,22050,7.0,154350,False
data/processed/audio_clean/belly pain/392c.wav,392c.wav,belly pain,22050,7.0,154350,False
data/processed/audio_clean/belly pain/382c.wav,382c.wav,belly pain,22050,7.0,154350,False
data/processed/audio_clean/belly pain/457c.wav,457c.wav,belly pain,22050,7.0,154350,False
data/processed/audio_clean/belly pain/438c.wav,438c.wav,belly pain,22050,7.0,154350,False
data/processed/audio_clean/belly pain/426c.wav,426c.wav,belly pain,22050,7.0,154350,False
data/processed/audio_clean/belly pain/413c.wav,413c.wav,belly pain,22050,7.0,154350,False
data/processed/audio_clean/belly pain/451c.wav,451c.wav,belly pain,22050,7.0,154350,False
data/processed/audio_clean/belly pain/440c.wav,440c.wav,belly pain,22050,7.0,154350,False
data/processed/audio_clean/belly pain/412c.wav,412c.wav,belly pain,22050,7.0,154350,False
data/processed/audio_clean/belly pain/450c.wav,450c.wav,belly pain,22050,7.0,154350,False
data/processed/audio_clean/belly pain/643D64AD-B711-469A-AF69-55C0D5D3E30F-1430138495-1.0-m-72-bp (2).wav,643D64AD-B711-469A-AF69-55C0D5D3E30F-1430138495-1.0-m-72-bp (2).wav,belly pain,22050,7.0,154350,False
data/processed/audio_clean/belly pain/415c.wav,415c.wav,belly pain,22050,7.0,154350,False
data/processed/audio_clean/belly pain/425c.wav,425c.wav,belly pain,22050,7.0,154350,False
data/processed/audio_clean/belly pain/463c.wav,463c.wav,belly pain,22050,7.0,154350,False
data/processed/audio_clean/belly pain/C421C6FE-DFEE-4080-8AEA-848E7CE4756B-1430548333-1.0-f-26-bp.wav,C421C6FE-DFEE-4080-8AEA-848E7CE4756B-1430548333-1.0-f-26-bp.wav,belly pain,22050,7.0,154350,False
data/processed/audio_clean/belly pain/439c.wav,439c.wav,belly pain,22050,7.0,154350,False
data/processed/audio_clean/belly pain/414c.wav,414c.wav,belly pain,22050,7.0,154350,False
data/processed/audio_clean/belly pain/458c.wav,458c.wav,belly pain,22050,7.0,154350,False
data/processed/audio_clean/belly pain/d6cda191-4962-4308-9a36-46d5648a95ed-1431159262344-1.7-m-04-bp.wav,d6cda191-4962-4308-9a36-46d5648a95ed-1431159262344-1.7-m-04-bp.wav,belly pain,22050,7.0,154350,False
data/processed/audio_clean/belly pain/433c.wav,433c.wav,belly pain,22050,7.0,154350,False
data/processed/audio_clean/belly pain/417c.wav,417c.wav,belly pain,22050,7.0,154350,False
data/processed/audio_clean/belly pain/456c.wav,456c.wav,belly pain,22050,7.0,154350,False
data/processed/audio_clean/belly pain/447c.wav,447c.wav,belly pain,22050,7.0,154350,False
data/processed/audio_clean/belly pain/411c.wav,411c.wav,belly pain,22050,7.0,154350,False
data/processed/audio_clean/belly pain/69BDA5D6-0276-4462-9BF7-951799563728-1436936185-1.1-m-26-bp.wav,69BDA5D6-0276-4462-9BF7-951799563728-1436936185-1.1-m-26-bp.wav,belly pain,22050,7.0,154350,False
data/processed/audio_clean/belly pain/643D64AD-B711-469A-AF69-55C0D5D3E30F-1430138536-1.0-m-72-bp.wav,643D64AD-B711-469A-AF69-55C0D5D3E30F-1430138536-1.0-m-72-bp.wav,belly pain,22050,7.0,154350,False
data/processed/audio_clean/belly pain/427c.wav,427c.wav,belly pain,22050,7.0,154350,False
data/processed/audio_clean/belly pain/643D64AD-B711-469A-AF69-55C0D5D3E30F-1430138545-1.0-m-72-bp.wav,643D64AD-B711-469A-AF69-55C0D5D3E30F-1430138545-1.0-m-72-bp.wav,belly pain,22050,7.0,154350,False
data/processed/audio_clean/belly pain/436c.wav,436c.wav,belly pain,22050,7.0,154350,False
data/processed/audio_clean/belly pain/444c.wav,444c.wav,belly pain,22050,7.0,154350,False
data/processed/audio_clean/belly pain/441c.wav,441c.wav,belly pain,22050,7.0,154350,False
data/processed/audio_clean/belly pain/429c.wav,429c.wav,belly pain,22050,7.0,154350,False
data/processed/audio_clean/belly pain/435c.wav,435c.wav,belly pain,22050,7.0,154350,False
data/processed/audio_clean/belly pain/418c.wav,418c.wav,belly pain,22050,7.0,154350,False
data/processed/audio_clean/belly pain/643D64AD-B711-469A-AF69-55C0D5D3E30F-1430138514-1.0-m-72-bp.wav,643D64AD-B711-469A-AF69-55C0D5D3E30F-1430138514-1.0-m-72-bp.wav,belly pain,22050,7.0,154350,False
data/processed/audio_clean/belly pain/419c.wav,419c.wav,belly pain,22050,7.0,154350,False
data/processed/audio_clean/belly pain/643D64AD-B711-469A-AF69-55C0D5D3E30F-1430138506-1.0-m-72-bp.wav,643D64AD-B711-469A-AF69-55C0D5D3E30F-1430138506-1.0-m-72-bp.wav,belly pain,22050,7.0,154350,False
data/processed/audio_clean/belly pain/428c.wav,428c.wav,belly pain,22050,7.0,154350,False
data/processed/audio_clean/belly pain/643D64AD-B711-469A-AF69-55C0D5D3E30F-1430138647-1.0-m-72-bp.wav,643D64AD-B711-469A-AF69-55C0D5D3E30F-1430138647-1.0-m-72-bp.wav,belly pain,22050,7.0,154350,False
data/processed/audio_clean/belly pain/432c.wav,432c.wav,belly pain,22050,7.0,154350,False
data/processed/audio_clean/belly pain/643D64AD-B711-469A-AF69-55C0D5D3E30F-1430138506-1.0-m-72-bp (2).wav,643D64AD-B711-469A-AF69-55C0D5D3E30F-1430138506-1.0-m-72-bp (2).wav,belly pain,22050,7.0,154350,False
data/processed/audio_clean/belly pain/459c.wav,459c.wav,belly pain,22050,7.0,154350,False
data/processed/audio_clean/belly pain/445c.wav,445c.wav,belly pain,22050,7.0,154350,False
data/processed/audio_clean/belly pain/643D64AD-B711-469A-AF69-55C0D5D3E30F-1430138495-1.0-m-72-bp.wav,643D64AD-B711-469A-AF69-55C0D5D3E30F-1430138495-1.0-m-72-bp.wav,belly pain,22050,7.0,154350,False
data/processed/audio_clean/belly pain/464c.wav,464c.wav,belly pain,22050,7.0,154350,False
data/processed/audio_clean/belly pain/643D64AD-B711-469A-AF69-55C0D5D3E30F-1430138524-1.0-m-72-bp.wav,643D64AD-B711-469A-AF69-55C0D5D3E30F-1430138524-1.0-m-72-bp.wav,belly pain,22050,7.0,154350,False
data/processed/audio_clean/belly pain/454c.wav,454c.wav,belly pain,22050,7.0,154350,False
data/processed/audio_clean/belly pain/442c.wav,442c.wav,belly pain,22050,7.0,154350,False
data/processed/audio_clean/belly pain/422c.wav,422c.wav,belly pain,22050,7.0,154350,False
data/processed/audio_clean/belly pain/424c.wav,424c.wav,belly pain,22050,7.0,154350,False
data/processed/audio_clean/belly pain/460c.wav,460c.wav,belly pain,22050,7.0,154350,False
data/processed/audio_clean/belly pain/431c.wav,431c.wav,belly pain,22050,7.0,154350,False
data/processed/audio_clean/belly pain/421c.wav,421c.wav,belly pain,22050,7.0,154350,False
data/processed/audio_clean/belly pain/452c.wav,452c.wav,belly pain,22050,7.0,154350,False
data/processed/audio_clean/belly pain/434c.wav,434c.wav,belly pain,22050,7.0,154350,False
data/processed/audio_clean/belly pain/453c.wav,453c.wav,belly pain,22050,7.0,154350,False
data/processed/audio_clean/belly pain/437c.wav,437c.wav,belly pain,22050,7.0,154350,False
data/processed/audio_clean/belly pain/549a46d8-9c84-430e-ade8-97eae2bef787-1430130772174-1.7-m-48-bp.wav,549a46d8-9c84-430e-ade8-97eae2bef787-1430130772174-1.7-m-48-bp.wav,belly pain,22050,7.0,154350,False
data/processed/audio_clean/belly pain/461c.wav,461c.wav,belly pain,22050,7.0,154350,False
data/processed/audio_clean/belly pain/423c.wav,423c.wav,belly pain,22050,7.0,154350,False
data/processed/audio_clean/belly pain/446c.wav,446c.wav,belly pain,22050,7.0,154350,False
data/processed/audio_clean/belly pain/462c.wav,462c.wav,belly pain,22050,7.0,154350,False
data/processed/audio_clean/belly pain/549a46d8-9c84-430e-ade8-97eae2bef787-1430130772174-1.7-m-48-bp (2).wav,549a46d8-9c84-430e-ade8-97eae2bef787-1430130772174-1.7-m-48-bp (2).wav,belly pain,22050,7.0,154350,False
data/processed/audio_clean/belly pain/d6cda191-4962-4308-9a36-46d5648a95ed-1431700390946-1.7-m-04-bp.wav,d6cda191-4962-4308-9a36-46d5648a95ed-1431700390946-1.7-m-04-bp.wav,belly pain,22050,7.0,154350,False
data/processed/audio_clean/belly pain/443c.wav,443c.wav,belly pain,22050,7.0,154350,False
data/processed/audio_clean/belly pain/ae5f103b-5fee-442f-bb1b-d9d0570c46ab-1431533857965-1.7-m-26-bp.wav,ae5f103b-5fee-442f-bb1b-d9d0570c46ab-1431533857965-1.7-m-26-bp.wav,belly pain,22050,7.0,154350,False
data/processed/audio_clean/belly pain/416c.wav,416c.wav,belly pain,22050,7.0,154350,False
data/processed/audio_clean/belly pain/448c.wav,448c.wav,belly pain,22050,7.0,154350,False
data/processed/audio_clean/belly pain/449c.wav,449c.wav,belly pain,22050,7.0,154350,False
data/processed/audio_clean/belly pain/430c.wav,430c.wav,belly pain,22050,7.0,154350,False
data/processed/audio_clean/belly pain/455c.wav,455c.wav,belly pain,22050,7.0,154350,False
data/processed/audio_clean/belly pain/643D64AD-B711-469A-AF69-55C0D5D3E30F-1430138591-1.0-m-72-bp.wav,643D64AD-B711-469A-AF69-55C0D5D3E30F-1430138591-1.0-m-72-bp.wav,belly pain,22050,7.0,154350,False
data/processed/audio_clean/belly pain/420c.wav,420c.wav,belly pain,22050,7.0,154350,False
data/processed/audio_clean/belly pain/999bf14b-e417-4b44-b746-9253f81efe38-1430974001343-1.7-m-26-bp.wav,999bf14b-e417-4b44-b746-9253f81efe38-1430974001343-1.7-m-26-bp.wav,belly pain,22050,7.0,154350,False
data/processed/audio_clean/belly pain/d6cda191-4962-4308-9a36-46d5648a95ed-1431159272600-1.7-m-04-bp.wav,d6cda191-4962-4308-9a36-46d5648a95ed-1431159272600-1.7-m-04-bp.wav,belly pain,22050,7.0,154350,False
data/processed/audio_clean/burping/507c.wav,507c.wav,burping,22050,7.0,154350,False
data/processed/audio_clean/burping/482c.wav,482c.wav,burping,22050,7.0,154350,False
data/processed/audio_clean/burping/511c.wav,511c.wav,burping,22050,7.0,154350,False
data/processed/audio_clean/burping/506c.wav,506c.wav,burping,22050,7.0,154350,False
data/processed/audio_clean/burping/544c.wav,544c.wav,burping,22050,7.0,154350,False
data/processed/audio_clean/burping/523c.wav,523c.wav,burping,22050,7.0,154350,False
data/processed/audio_clean/burping/508c.wav,508c.wav,burping,22050,7.0,154350,False
data/processed/audio_clean/burping/504c.wav,504c.wav,burping,22050,7.0,154350,False
data/processed/audio_clean/burping/549c.wav,549c.wav,burping,22050,7.0,154350,False
data/processed/audio_clean/burping/547c.wav,547c.wav,burping,22050,7.0,154350,False
data/processed/audio_clean/burping/484c.wav,484c.wav,burping,22050,7.0,154350,False
data/processed/audio_clean/burping/486c.wav,486c.wav,burping,22050,7.0,154350,False
data/processed/audio_clean/burping/501c.wav,501c.wav,burping,22050,7.0,154350,False
data/processed/audio_clean/burping/468c.wav,468c.wav,burping,22050,7.0,154350,False
data/processed/audio_clean/burping/529c.wav,529c.wav,burping,22050,7.0,154350,False
data/processed/audio_clean/burping/490c.wav,490c.wav,burping,22050,7.0,154350,False
data/processed/audio_clean/burping/538c.wav,538c.wav,burping,22050,7.0,154350,False
data/processed/audio_clean/burping/530c.wav,530c.wav,burping,22050,7.0,154350,False
data/processed/audio_clean/burping/480c.wav,480c.wav,burping,22050,7.0,154350,False
data/processed/audio_clean/burping/509c.wav,509c.wav,burping,22050,7.0,154350,False
data/processed/audio_clean/burping/525c.wav,525c.wav,burping,22050,7.0,154350,False
data/processed/audio_clean/burping/502c.wav,502c.wav,burping,22050,7.0,154350,False
data/processed/audio_clean/burping/537c.wav,537c.wav,burping,22050,7.0,154350,False
data/processed/audio_clean/burping/483c.wav,483c.wav,burping,22050,7.0,154350,False
data/processed/audio_clean/burping/535c.wav,535c.wav,burping,22050,7.0,154350,False
data/processed/audio_clean/burping/534c.wav,534c.wav,burping,22050,7.0,154350,False
data/processed/audio_clean/burping/548c.wav,548c.wav,burping,22050,7.0,154350,False
data/processed/audio_clean/burping/470c.wav,470c.wav,burping,22050,7.0,154350,False
data/processed/audio_clean/burping/473c.wav,473c.wav,burping,22050,7.0,154350,False
data/processed/audio_clean/burping/499c.wav,499c.wav,burping,22050,7.0,154350,False
data/processed/audio_clean/burping/542c.wav,542c.wav,burping,22050,7.0,154350,False
data/processed/audio_clean/burping/466c.wav,466c.wav,burping,22050,7.0,154350,False
data/processed/audio_clean/burping/475c.wav,475c.wav,burping,22050,7.0,154350,False
data/processed/audio_clean/burping/497c.wav,497c.wav,burping,22050,7.0,154350,False
data/processed/audio_clean/burping/474c.wav,474c.wav,burping,22050,7.0,154350,False
data/processed/audio_clean/burping/494c.wav,494c.wav,burping,22050,7.0,154350,False
data/processed/audio_clean/burping/488c.wav,488c.wav,burping,22050,7.0,154350,False
data/processed/audio_clean/burping/467c.wav,467c.wav,burping,22050,7.0,154350,False
data/processed/audio_clean/burping/515c.wav,515c.wav,burping,22050,7.0,154350,False
data/processed/audio_clean/burping/495c.wav,495c.wav,burping,22050,7.0,154350,False
data/processed/audio_clean/burping/516c.wav,516c.wav,burping,22050,7.0,154350,False
data/processed/audio_clean/burping/485c.wav,485c.wav,burping,22050,7.0,154350,False
data/processed/audio_clean/burping/478c.wav,478c.wav,burping,22050,7.0,154350,False
data/processed/audio_clean/burping/524c.wav,524c.wav,burping,22050,7.0,154350,False
data/processed/audio_clean/burping/500c.wav,500c.wav,burping,22050,7.0,154350,False
data/processed/audio_clean/burping/472c.wav,472c.wav,burping,22050,7.0,154350,False
data/processed/audio_clean/burping/492c.wav,492c.wav,burping,22050,7.0,154350,False
data/processed/audio_clean/burping/481c.wav,481c.wav,burping,22050,7.0,154350,False
data/processed/audio_clean/burping/521c.wav,521c.wav,burping,22050,7.0,154350,False
data/processed/audio_clean/burping/489c.wav,489c.wav,burping,22050,7.0,154350,False
data/processed/audio_clean/burping/540c.wav,540c.wav,burping,22050,7.0,154350,False
data/processed/audio_clean/burping/513c.wav,513c.wav,burping,22050,7.0,154350,False
data/processed/audio_clean/burping/519c.wav,519c.wav,burping,22050,7.0,154350,False
data/processed/audio_clean/burping/526c.wav,526c.wav,burping,22050,7.0,154350,False
data/processed/audio_clean/burping/477c.wav,477c.wav,burping,22050,7.0,154350,False
data/processed/audio_clean/burping/512c.wav,512c.wav,burping,22050,7.0,154350,False
data/processed/audio_clean/burping/476c.wav,476c.wav,burping,22050,7.0,154350,False
data/processed/audio_clean/burping/487c.wav,487c.wav,burping,22050,7.0,154350,False
data/processed/audio_clean/burping/533c.wav,533c.wav,burping,22050,7.0,154350,False
data/processed/audio_clean/burping/522c.wav,522c.wav,burping,22050,7.0,154350,False
data/processed/audio_clean/burping/528c.wav,528c.wav,burping,22050,7.0,154350,False
data/processed/audio_clean/burping/532c.wav,532c.wav,burping,22050,7.0,154350,False
data/processed/audio_clean/burping/541c.wav,541c.wav,burping,22050,7.0,154350,False
data/processed/audio_clean/burping/520c.wav,520c.wav,burping,22050,7.0,154350,False
data/processed/audio_clean/burping/469c.wav,469c.wav,burping,22050,7.0,154350,False
data/processed/audio_clean/burping/514c.wav,514c.wav,burping,22050,7.0,154350,False
data/processed/audio_clean/burping/531c.wav,531c.wav,burping,22050,7.0,154350,False
data/processed/audio_clean/burping/517c.wav,517c.wav,burping,22050,7.0,154350,False
data/processed/audio_clean/burping/510c.wav,510c.wav,burping,22050,7.0,154350,False
data/processed/audio_clean/burping/518c.wav,518c.wav,burping,22050,7.0,154350,False
data/processed/audio_clean/burping/527c.wav,527c.wav,burping,22050,7.0,154350,False
data/processed/audio_clean/burping/539c.wav,539c.wav,burping,22050,7.0,154350,False
data/processed/audio_clean/burping/505c.wav,505c.wav,burping,22050,7.0,154350,False
data/processed/audio_clean/burping/496c.wav,496c.wav,burping,22050,7.0,154350,False
data/processed/audio_clean/burping/471c.wav,471c.wav,burping,22050,7.0,154350,False
data/processed/audio_clean/burping/536c.wav,536c.wav,burping,22050,7.0,154350,False
data/processed/audio_clean/burping/493c.wav,493c.wav,burping,22050,7.0,154350,False
data/processed/audio_clean/burping/491c.wav,491c.wav,burping,22050,7.0,154350,False
data/processed/audio_clean/burping/503c.wav,503c.wav,burping,22050,7.0,154350,False
data/processed/audio_clean/burping/543c.wav,543c.wav,burping,22050,7.0,154350,False
data/processed/audio_clean/burping/546c.wav,546c.wav,burping,22050,7.0,154350,False
data/processed/audio_clean/burping/498c.wav,498c.wav,burping,22050,7.0,154350,False
data/processed/audio_clean/burping/479c.wav,479c.wav,burping,22050,7.0,154350,False
data/processed/audio_clean/burping/545c.wav,545c.wav,burping,22050,7.0,154350,False
data/processed/audio_clean/burping/efd13da0-d40e-48bc-b14e-dee28af4d3c6-1430728096874-1.7-f-72-bu.wav,efd13da0-d40e-48bc-b14e-dee28af4d3c6-1430728096874-1.7-f-72-bu.wav,burping,22050,7.0,154350,False
data/processed/audio_clean/burping/553c.wav,553c.wav,burping,22050,7.0,154350,False
data/processed/audio_clean/burping/generated2_efd13da0-d40e-48bc-b14e-dee28af4d3c6-1430728096874-1.7-f-72-bu.wav,generated2_efd13da0-d40e-48bc-b14e-dee28af4d3c6-1430728096874-1.7-f-72-bu.wav,burping,22050,7.0,154350,False
data/processed/audio_clean/burping/554c.wav,554c.wav,burping,22050,7.0,154350,False
data/processed/audio_clean/burping/generated1_af30880e-5f98-4dc0-b37a-be6b21fa0ba3-1431240072536-1.7-m-26-bu.wav,generated1_af30880e-5f98-4dc0-b37a-be6b21fa0ba3-1431240072536-1.7-m-26-bu.wav,burping,22050,7.0,154350,False
data/processed/audio_clean/burping/562c.wav,562c.wav,burping,22050,7.0,154350,False
data/processed/audio_clean/burping/561c.wav,561c.wav,burping,22050,7.0,154350,False
data/processed/audio_clean/burping/AEA8AE04-D00E-48A7-8A0B-6D87E2175121-1430563241-1.0-f-72-bu.wav,AEA8AE04-D00E-48A7-8A0B-6D87E2175121-1430563241-1.0-f-72-bu.wav,burping,22050,7.0,154350,False
data/processed/audio_clean/burping/af30880e-5f98-4dc0-b37a-be6b21fa0ba3-1431240072536-1.7-m-26-bu.wav,af30880e-5f98-4dc0-b37a-be6b21fa0ba3-1431240072536-1.7-m-26-bu.wav,burping,22050,7.0,154350,False
data/processed/audio_clean/burping/560c.wav,560c.wav,burping,22050,7.0,154350,False
data/processed/audio_clean/burping/556c.wav,556c.wav,burping,22050,7.0,154350,False
data/processed/audio_clean/burping/F24DE44B-762C-4149-AC92-96A5E57ED118-1430816949-1.0-m-04-bu.wav,F24DE44B-762C-4149-AC92-96A5E57ED118-1430816949-1.0-m-04-bu.wav,burping,22050,7.0,154350,False
data/processed/audio_clean/burping/559c.wav,559c.wav,burping,22050,7.0,154350,False
data/processed/audio_clean/burping/generated3_efd13da0-d40e-48bc-b14e-dee28af4d3c6-1430728096874-1.7-f-72-bu.wav,generated3_efd13da0-d40e-48bc-b14e-dee28af4d3c6-1430728096874-1.7-f-72-bu.wav,burping,22050,7.0,154350,False
data/processed/audio_clean/burping/558c.wav,558c.wav,burping,22050,7.0,154350,False
data/processed/audio_clean/burping/generated1_efd13da0-d40e-48bc-b14e-dee28af4d3c6-1430728096874-1.7-f-72-bu.wav,generated1_efd13da0-d40e-48bc-b14e-dee28af4d3c6-1430728096874-1.7-f-72-bu.wav,burping,22050,7.0,154350,False
data/processed/audio_clean/burping/generated2_af30880e-5f98-4dc0-b37a-be6b21fa0ba3-1431240072536-1.7-m-26-bu.wav,generated2_af30880e-5f98-4dc0-b37a-be6b21fa0ba3-1431240072536-1.7-m-26-bu.wav,burping,22050,7.0,154350,False
data/processed/audio_clean/burping/5afc6a14-a9d8-45f8-b31d-c79dd87cc8c6-1430757039803-1.7-m-48-bu.wav,5afc6a14-a9d8-45f8-b31d-c79dd87cc8c6-1430757039803-1.7-m-48-bu.wav,burping,22050,7.0,154350,False
data/processed/audio_clean/burping/7E4B9C14-F955-4BED-9B03-7F3096A6CBFF-1430540826-1.0-f-26-bu.wav,7E4B9C14-F955-4BED-9B03-7F3096A6CBFF-1430540826-1.0-f-26-bu.wav,burping,22050,7.0,154350,False
data/processed/audio_clean/burping/generated2_5afc6a14-a9d8-45f8-b31d-c79dd87cc8c6-1430757039803-1.7-m-48-bu.wav,generated2_5afc6a14-a9d8-45f8-b31d-c79dd87cc8c6-1430757039803-1.7-m-48-bu.wav,burping,22050,7.0,154350,False
data/processed/audio_clean/burping/551c.wav,551c.wav,burping,22050,7.0,154350,False
data/processed/audio_clean/burping/7A864194-4B6B-4850-ABBF-0C2A8170107B-1436846915-1.1-f-26-bu.wav,7A864194-4B6B-4850-ABBF-0C2A8170107B-1436846915-1.1-f-26-bu.wav,burping,22050,7.0,154350,False
data/processed/audio_clean/burping/generated1_5afc6a14-a9d8-45f8-b31d-c79dd87cc8c6-1430757039803-1.7-m-48-bu.wav,generated1_5afc6a14-a9d8-45f8-b31d-c79dd87cc8c6-1430757039803-1.7-m-48-bu.wav,burping,22050,7.0,154350,False
data/processed/audio_clean/burping/generated3_af30880e-5f98-4dc0-b37a-be6b21fa0ba3-1431240072536-1.7-m-26-bu.wav,generated3_af30880e-5f98-4dc0-b37a-be6b21fa0ba3-1431240072536-1.7-m-26-bu.wav,burping,22050,7.0,154350,False
data/processed/audio_clean/burping/555c.wav,555c.wav,burping,22050,7.0,154350,False
data/processed/audio_clean/burping/552c.wav,552c.wav,burping,22050,7.0,154350,False
data/processed/audio_clean/burping/generated3_5afc6a14-a9d8-45f8-b31d-c79dd87cc8c6-1430757039803-1.7-m-48-bu.wav,generated3_5afc6a14-a9d8-45f8-b31d-c79dd87cc8c6-1430757039803-1.7-m-48-bu.wav,burping,22050,7.0,154350,False
data/processed/audio_clean/burping/557c.wav,557c.wav,burping,22050,7.0,154350,False
data/processed/audio_clean/burping/550c.wav,550c.wav,burping,22050,7.0,154350,False
data/processed/audio_clean/burping/565c.wav,565c.wav,burping,22050,7.0,154350,False
data/processed/audio_clean/burping/7E4B9C14-F955-4BED-9B03-7F3096A6CBFF-1430232208-1.0-f-26-bu.wav,7E4B9C14-F955-4BED-9B03-7F3096A6CBFF-1430232208-1.0-f-26-bu.wav,burping,22050,7.0,154350,False
data/processed/audio_clean/burping/79FF400A-97E2-4701-987D-C7C850D5523C-1430089648-1.0-f-48-bu.wav,79FF400A-97E2-4701-987D-C7C850D5523C-1430089648-1.0-f-48-bu.wav,burping,22050,7.0,154350,False
data/processed/audio_clean/burping/564c.wav,564c.wav,burping,22050,7.0,154350,False
data/processed/audio_clean/burping/563c.wav,563c.wav,burping,22050,7.0,154350,False
data/processed/audio_clean/cold_hot/80c.wav,80c.wav,cold_hot,22050,7.0,154350,False
data/processed/audio_clean/cold_hot/101c.wav,101c.wav,cold_hot,22050,7.0,154350,False
data/processed/audio_clean/cold_hot/108c.wav,108c.wav,cold_hot,22050,7.0,154350,False
data/processed/audio_clean/cold_hot/1c.wav,1c.wav,cold_hot,22050,7.0,154350,False
data/processed/audio_clean/cold_hot/34c.wav,34c.wav,cold_hot,22050,7.0,154350,False
data/processed/audio_clean/cold_hot/124c.wav,124c.wav,cold_hot,22050,7.0,154350,False
data/processed/audio_clean/cold_hot/17c.wav,17c.wav,cold_hot,22050,7.0,154350,False
data/processed/audio_clean/cold_hot/72c.wav,72c.wav,cold_hot,22050,7.0,154350,False
data/processed/audio_clean/cold_hot/106c.wav,106c.wav,cold_hot,22050,7.0,154350,False
data/processed/audio_clean/cold_hot/49c.wav,49c.wav,cold_hot,22050,7.0,154350,False
data/processed/audio_clean/cold_hot/57c.wav,57c.wav,cold_hot,22050,7.0,154350,False
data/processed/audio_clean/cold_hot/999bf14b-e417-4b44-b746-9253f81efe38-1430844958178-1.7-m-04-ch.wav,999bf14b-e417-4b44-b746-9253f81efe38-1430844958178-1.7-m-04-ch.wav,cold_hot,22050,7.0,154350,False
data/processed/audio_clean/cold_hot/73c.wav,73c.wav,cold_hot,22050,7.0,154350,False
data/processed/audio_clean/cold_hot/121c.wav,121c.wav,cold_hot,22050,7.0,154350,False
data/processed/audio_clean/cold_hot/47c.wav,47c.wav,cold_hot,22050,7.0,154350,False
data/processed/audio_clean/cold_hot/114c.wav,114c.wav,cold_hot,22050,7.0,154350,False
data/processed/audio_clean/cold_hot/111c.wav,111c.wav,cold_hot,22050,7.0,154350,False
data/processed/audio_clean/cold_hot/33c.wav,33c.wav,cold_hot,22050,7.0,154350,False
data/processed/audio_clean/cold_hot/8c.wav,8c.wav,cold_hot,22050,7.0,154350,False
data/processed/audio_clean/cold_hot/112c.wav,112c.wav,cold_hot,22050,7.0,154350,False
data/processed/audio_clean/cold_hot/122c.wav,122c.wav,cold_hot,22050,7.0,154350,False
data/processed/audio_clean/cold_hot/20c.wav,20c.wav,cold_hot,22050,7.0,154350,False
data/processed/audio_clean/cold_hot/78c.wav,78c.wav,cold_hot,22050,7.0,154350,False
data/processed/audio_clean/cold_hot/104c.wav,104c.wav,cold_hot,22050,7.0,154350,False
data/processed/audio_clean/cold_hot/38c.wav,38c.wav,cold_hot,22050,7.0,154350,False
data/processed/audio_clean/cold_hot/18c.wav,18c.wav,cold_hot,22050,7.0,154350,False
data/processed/audio_clean/cold_hot/90c.wav,90c.wav,cold_hot,22050,7.0,154350,False
data/processed/audio_clean/cold_hot/42c.wav,42c.wav,cold_hot,22050,7.0,154350,False
data/processed/audio_clean/cold_hot/9c.wav,9c.wav,cold_hot,22050,7.0,154350,False
data/processed/audio_clean/cold_hot/14c.wav,14c.wav,cold_hot,22050,7.0,154350,False
data/processed/audio_clean/cold_hot/84c.wav,84c.wav,cold_hot,22050,7.0,154350,False
data/processed/audio_clean/cold_hot/107c.wav,107c.wav,cold_hot,22050,7.0,154350,False
data/processed/audio_clean/cold_hot/46c.wav,46c.wav,cold_hot,22050,7.0,154350,False
data/processed/audio_clean/cold_hot/15c.wav,15c.wav,cold_hot,22050,7.0,154350,False
data/processed/audio_clean/cold_hot/11c.wav,11c.wav,cold_hot,22050,7.0,154350,False
data/processed/audio_clean/cold_hot/d6cda191-4962-4308-9a36-46d5648a95ed-1431086262776-1.7-m-04-ch.wav,d6cda191-4962-4308-9a36-46d5648a95ed-1431086262776-1.7-m-04-ch.wav,cold_hot,22050,7.0,154350,False
data/processed/audio_clean/cold_hot/71c.wav,71c.wav,cold_hot,22050,7.0,154350,False
data/processed/audio_clean/cold_hot/999bf14b-e417-4b44-b746-9253f81efe38-1430845018393-1.7-m-26-ch.wav,999bf14b-e417-4b44-b746-9253f81efe38-1430845018393-1.7-m-26-ch.wav,cold_hot,22050,7.0,154350,False
data/processed/audio_clean/cold_hot/105c.wav,105c.wav,cold_hot,22050,7.0,154350,False
data/processed/audio_clean/cold_hot/75c.wav,75c.wav,cold_hot,22050,7.0,154350,False
data/processed/audio_clean/cold_hot/44c.wav,44c.wav,cold_hot,22050,7.0,154350,False
data/processed/audio_clean/cold_hot/12c.wav,12c.wav,cold_hot,22050,7.0,154350,False
data/processed/audio_clean/cold_hot/83c.wav,83c.wav,cold_hot,22050,7.0,154350,False
data/processed/audio_clean/cold_hot/35c.wav,35c.wav,cold_hot,22050,7.0,154350,False
data/processed/audio_clean/cold_hot/100c.wav,100c.wav,cold_hot,22050,7.0,154350,False
data/processed/audio_clean/cold_hot/103c.wav,103c.wav,cold_hot,22050,7.0,154350,False
data/processed/audio_clean/cold_hot/6c.wav,6c.wav,cold_hot,22050,7.0,154350,False
data/processed/audio_clean/cold_hot/115c.wav,115c.wav,cold_hot,22050,7.0,154350,False
data/processed/audio_clean/cold_hot/102c.wav,102c.wav,cold_hot,22050,7.0,154350,False
data/processed/audio_clean/cold_hot/117c.wav,117c.wav,cold_hot,22050,7.0,154350,False
data/processed/audio_clean/cold_hot/77c.wav,77c.wav,cold_hot,22050,7.0,154350,False
data/processed/audio_clean/cold_hot/109c.wav,109c.wav,cold_hot,22050,7.0,154350,False
data/processed/audio_clean/cold_hot/69c.wav,69c.wav,cold_hot,22050,7.0,154350,False
data/processed/audio_clean/cold_hot/79c.wav,79c.wav,cold_hot,22050,7.0,154350,False
data/processed/audio_clean/cold_hot/999bf14b-e417-4b44-b746-9253f81efe38-1430844979531-1.7-m-04-ch.wav,999bf14b-e417-4b44-b746-9253f81efe38-1430844979531-1.7-m-04-ch.wav,cold_hot,22050,7.0,154350,False
data/processed/audio_clean/cold_hot/76c.wav,76c.wav,cold_hot,22050,7.0,154350,False
data/processed/audio_clean/cold_hot/39c.wav,39c.wav,cold_hot,22050,7.0,154350,False
data/processed/audio_clean/cold_hot/23c.wav,23c.wav,cold_hot,22050,7.0,154350,False
data/processed/audio_clean/cold_hot/120c.wav,120c.wav,cold_hot,22050,7.0,154350,False
data/processed/audio_clean/cold_hot/48c.wav,48c.wav,cold_hot,22050,7.0,154350,False
data/processed/audio_clean/cold_hot/119c.wav,119c.wav,cold_hot,22050,7.0,154350,False
data/processed/audio_clean/cold_hot/55c.wav,55c.wav,cold_hot,22050,7.0,154350,False
data/processed/audio_clean/cold_hot/116c.wav,116c.wav,cold_hot,22050,7.0,154350,False
data/processed/audio_clean/cold_hot/37c.wav,37c.wav,cold_hot,22050,7.0,154350,False
data/processed/audio_clean/cold_hot/60c.wav,60c.wav,cold_hot,22050,7.0,154350,False
data/processed/audio_clean/cold_hot/f258a8e2-92cd-4843-9da4-80ed26ec8e10-1436944996156-1.7-f-26-ch.wav,f258a8e2-92cd-4843-9da4-80ed26ec8e10-1436944996156-1.7-f-26-ch.wav,cold_hot,22050,7.0,154350,False
data/processed/audio_clean/cold_hot/50c.wav,50c.wav,cold_hot,22050,7.0,154350,False
data/processed/audio_clean/cold_hot/53c.wav,53c.wav,cold_hot,22050,7.0,154350,False
data/processed/audio_clean/cold_hot/89c.wav,89c.wav,cold_hot,22050,7.0,154350,False
data/processed/audio_clean/cold_hot/52c.wav,52c.wav,cold_hot,22050,7.0,154350,False
data/processed/audio_clean/cold_hot/21c.wav,21c.wav,cold_hot,22050,7.0,154350,False
data/processed/audio_clean/cold_hot/7c.wav,7c.wav,cold_hot,22050,7.0,154350,False
data/processed/audio_clean/cold_hot/45c.wav,45c.wav,cold_hot,22050,7.0,154350,False
data/processed/audio_clean/cold_hot/36c.wav,36c.wav,cold_hot,22050,7.0,154350,False
data/processed/audio_clean/cold_hot/113c.wav,113c.wav,cold_hot,22050,7.0,154350,False
data/processed/audio_clean/cold_hot/51c.wav,51c.wav,cold_hot,22050,7.0,154350,False
data/processed/audio_clean/cold_hot/82c.wav,82c.wav,cold_hot,22050,7.0,154350,False
data/processed/audio_clean/cold_hot/999bf14b-e417-4b44-b746-9253f81efe38-1430845035663-1.7-m-26-ch.wav,999bf14b-e417-4b44-b746-9253f81efe38-1430845035663-1.7-m-26-ch.wav,cold_hot,22050,7.0,154350,False
data/processed/audio_clean/cold_hot/32c.wav,32c.wav,cold_hot,22050,7.0,154350,False
data/processed/audio_clean/cold_hot/19c.wav,19c.wav,cold_hot,22050,7.0,154350,False
data/processed/audio_clean/cold_hot/70c.wav,70c.wav,cold_hot,22050,7.0,154350,False
data/processed/audio_clean/cold_hot/59c.wav,59c.wav,cold_hot,22050,7.0,154350,False
data/processed/audio_clean/cold_hot/5c.wav,5c.wav,cold_hot,22050,7.0,154350,False
data/processed/audio_clean/cold_hot/58c.wav,58c.wav,cold_hot,22050,7.0,154350,False
data/processed/audio_clean/cold_hot/43c.wav,43c.wav,cold_hot,22050,7.0,154350,False
data/processed/audio_clean/cold_hot/13c.wav,13c.wav,cold_hot,22050,7.0,154350,False
data/processed/audio_clean/cold_hot/10c.wav,10c.wav,cold_hot,22050,7.0,154350,False
data/processed/audio_clean/cold_hot/2c.wav,2c.wav,cold_hot,22050,7.0,154350,False
data/processed/audio_clean/cold_hot/88c.wav,88c.wav,cold_hot,22050,7.0,154350,False
data/processed/audio_clean/cold_hot/4c.wav,4c.wav,cold_hot,22050,7.0,154350,False
data/processed/audio_clean/cold_hot/999bf14b-e417-4b44-b746-9253f81efe38-1430844994519-1.7-m-04-ch.wav,999bf14b-e417-4b44-b746-9253f81efe38-1430844994519-1.7-m-04-ch.wav,cold_hot,22050,7.0,154350,False
data/processed/audio_clean/cold_hot/54c.wav,54c.wav,cold_hot,22050,7.0,154350,False
data/processed/audio_clean/cold_hot/87c.wav,87c.wav,cold_hot,22050,7.0,154350,False
data/processed/audio_clean/cold_hot/40c.wav,40c.wav,cold_hot,22050,7.0,154350,False
data/processed/audio_clean/cold_hot/85c.wav,85c.wav,cold_hot,22050,7.0,154350,False
data/processed/audio_clean/cold_hot/3c.wav,3c.wav,cold_hot,22050,7.0,154350,False
data/processed/audio_clean/cold_hot/56c.wav,56c.wav,cold_hot,22050,7.0,154350,False
data/processed/audio_clean/cold_hot/123c.wav,123c.wav,cold_hot,22050,7.0,154350,False
data/processed/audio_clean/cold_hot/74c.wav,74c.wav,cold_hot,22050,7.0,154350,False
data/processed/audio_clean/cold_hot/118c.wav,118c.wav,cold_hot,22050,7.0,154350,False
data/processed/audio_clean/cold_hot/41c.wav,41c.wav,cold_hot,22050,7.0,154350,False
data/processed/audio_clean/cold_hot/86c.wav,86c.wav,cold_hot,22050,7.0,154350,False
data/processed/audio_clean/cold_hot/22c.wav,22c.wav,cold_hot,22050,7.0,154350,False
data/processed/audio_clean/cold_hot/16c.wav,16c.wav,cold_hot,22050,7.0,154350,False
data/processed/audio_clean/cold_hot/91c.wav,91c.wav,cold_hot,22050,7.0,154350,False
data/processed/audio_clean/cold_hot/81c.wav,81c.wav,cold_hot,22050,7.0,154350,False
data/processed/audio_clean/cold_hot/110c.wav,110c.wav,cold_hot,22050,7.0,154350,False
data/processed/audio_clean/discomfort/124c.wav,124c.wav,discomfort,22050,7.0,154350,False
data/processed/audio_clean/discomfort/10A40438-09AA-4A21-83B4-8119F03F7A11-1430925142-1.0-f-26-dc.wav,10A40438-09AA-4A21-83B4-8119F03F7A11-1430925142-1.0-f-26-dc.wav,discomfort,22050,7.0,154350,False
data/processed/audio_clean/discomfort/11417AC2-DCC9-48CD-8177-CA8665E51B2F-1436881512-1.1-m-48-dc.wav,11417AC2-DCC9-48CD-8177-CA8665E51B2F-1436881512-1.1-m-48-dc.wav,discomfort,22050,7.0,154350,False
data/processed/audio_clean/discomfort/126c.wav,126c.wav,discomfort,22050,7.0,154350,False
data/processed/audio_clean/discomfort/1309B82C-F146-46F0-A723-45345AFA6EA8-1430704008-1.0-f-48-dc.wav,1309B82C-F146-46F0-A723-45345AFA6EA8-1430704008-1.0-f-48-dc.wav,discomfort,22050,7.0,154350,False
data/processed/audio_clean/discomfort/1309B82C-F146-46F0-A723-45345AFA6EA8-1432801693-1.1-f-26-dc.wav,1309B82C-F146-46F0-A723-45345AFA6EA8-1432801693-1.1-f-26-dc.wav,discomfort,22050,7.0,154350,False
data/processed/audio_clean/discomfort/999bf14b-e417-4b44-b746-9253f81efe38-1430844979531-1.7-m-04-ch.wav,999bf14b-e417-4b44-b746-9253f81efe38-1430844979531-1.7-m-04-ch.wav,discomfort,22050,7.0,154350,False
data/processed/audio_clean/discomfort/f5b29377-7cd6-4688-942c-5a07add39dc5-1437480263225-1.7-f-26-dc.wav,f5b29377-7cd6-4688-942c-5a07add39dc5-1437480263225-1.7-f-26-dc.wav,discomfort,22050,7.0,154350,False
data/processed/audio_clean/discomfort/231c.wav,231c.wav,discomfort,22050,7.0,154350,False
data/processed/audio_clean/discomfort/665BDF6D-2897-49F9-8AD0-978B3B2A0468-1430530218-1.0-m-26-dc.wav,665BDF6D-2897-49F9-8AD0-978B3B2A0468-1430530218-1.0-m-26-dc.wav,discomfort,22050,7.0,154350,False
data/processed/audio_clean/discomfort/180c.wav,180c.wav,discomfort,22050,7.0,154350,False
data/processed/audio_clean/discomfort/151c.wav,151c.wav,discomfort,22050,7.0,154350,False
data/processed/audio_clean/discomfort/144c.wav,144c.wav,discomfort,22050,7.0,154350,False
data/processed/audio_clean/discomfort/226c.wav,226c.wav,discomfort,22050,7.0,154350,False
data/processed/audio_clean/discomfort/221c.wav,221c.wav,discomfort,22050,7.0,154350,False
data/processed/audio_clean/discomfort/179c.wav,179c.wav,discomfort,22050,7.0,154350,False
data/processed/audio_clean/discomfort/246c.wav,246c.wav,discomfort,22050,7.0,154350,False
data/processed/audio_clean/discomfort/143c.wav,143c.wav,discomfort,22050,7.0,154350,False
data/processed/audio_clean/discomfort/173c.wav,173c.wav,discomfort,22050,7.0,154350,False
data/processed/audio_clean/discomfort/240c.wav,240c.wav,discomfort,22050,7.0,154350,False
data/processed/audio_clean/discomfort/158c.wav,158c.wav,discomfort,22050,7.0,154350,False
data/processed/audio_clean/discomfort/229c.wav,229c.wav,discomfort,22050,7.0,154350,False
data/processed/audio_clean/discomfort/188c.wav,188c.wav,discomfort,22050,7.0,154350,False
data/processed/audio_clean/discomfort/204c.wav,204c.wav,discomfort,22050,7.0,154350,False
data/processed/audio_clean/discomfort/150c.wav,150c.wav,discomfort,22050,7.0,154350,False
data/processed/audio_clean/discomfort/139c.wav,139c.wav,discomfort,22050,7.0,154350,False
data/processed/audio_clean/discomfort/999bf14b-e417-4b44-b746-9253f81efe38-1430845018393-1.7-m-26-ch.wav,999bf14b-e417-4b44-b746-9253f81efe38-1430845018393-1.7-m-26-ch.wav,discomfort,22050,7.0,154350,False
data/processed/audio_clean/discomfort/247c.wav,247c.wav,discomfort,22050,7.0,154350,False
data/processed/audio_clean/discomfort/1309B82C-F146-46F0-A723-45345AFA6EA8-1430703937-1.0-f-48-dc.wav,1309B82C-F146-46F0-A723-45345AFA6EA8-1430703937-1.0-f-48-dc.wav,discomfort,22050,7.0,154350,False
data/processed/audio_clean/discomfort/224c.wav,224c.wav,discomfort,22050,7.0,154350,False
data/processed/audio_clean/discomfort/D1CB71F9-EF76-49B3-A703-41D557444D21-1436863419-1.1-f-26-dc.wav,D1CB71F9-EF76-49B3-A703-41D557444D21-1436863419-1.1-f-26-dc.wav,discomfort,22050,7.0,154350,False
data/processed/audio_clean/discomfort/244c.wav,244c.wav,discomfort,22050,7.0,154350,False
data/processed/audio_clean/discomfort/225c.wav,225c.wav,discomfort,22050,7.0,154350,False
data/processed/audio_clean/discomfort/195c.wav,195c.wav,discomfort,22050,7.0,154350,False
data/processed/audio_clean/discomfort/999bf14b-e417-4b44-b746-9253f81efe38-1430844958178-1.7-m-04-ch.wav,999bf14b-e417-4b44-b746-9253f81efe38-1430844958178-1.7-m-04-ch.wav,discomfort,22050,7.0,154350,False
data/processed/audio_clean/discomfort/146c.wav,146c.wav,discomfort,22050,7.0,154350,False
data/processed/audio_clean/discomfort/189c.wav,189c.wav,discomfort,22050,7.0,154350,False
data/processed/audio_clean/discomfort/192c.wav,192c.wav,discomfort,22050,7.0,154350,False
data/processed/audio_clean/discomfort/145c.wav,145c.wav,discomfort,22050,7.0,154350,False
data/processed/audio_clean/discomfort/156c.wav,156c.wav,discomfort,22050,7.0,154350,False
data/processed/audio_clean/discomfort/203c.wav,203c.wav,discomfort,22050,7.0,154350,False
data/processed/audio_clean/discomfort/79FF400A-97E2-4701-987D-C7C850D5523C-1430089621-1.0-f-48-dc.wav,79FF400A-97E2-4701-987D-C7C850D5523C-1430089621-1.0-f-48-dc.wav,discomfort,22050,7.0,154350,False
data/processed/audio_clean/discomfort/239c.wav,239c.wav,discomfort,22050,7.0,154350,False
data/processed/audio_clean/discomfort/184c.wav,184c.wav,discomfort,22050,7.0,154350,False
data/processed/audio_clean/discomfort/64acb345-a61e-4ef3-a5a6-cf83c04b83f1-1430059012473-1.7-m-72-dc.wav,64acb345-a61e-4ef3-a5a6-cf83c04b83f1-1430059012473-1.7-m-72-dc.wav,discomfort,22050,7.0,154350,False
data/processed/audio_clean/discomfort/149c.wav,149c.wav,discomfort,22050,7.0,154350,False
data/processed/audio_clean/discomfort/230c.wav,230c.wav,discomfort,22050,7.0,154350,False
data/processed/audio_clean/discomfort/160c.wav,160c.wav,discomfort,22050,7.0,154350,False
data/processed/audio_clean/discomfort/208c.wav,208c.wav,discomfort,22050,7.0,154350,False
data/processed/audio_clean/discomfort/235c.wav,235c.wav,discomfort,22050,7.0,154350,False
data/processed/audio_clean/discomfort/228c.wav,228c.wav,discomfort,22050,7.0,154350,False
data/processed/audio_clean/discomfort/222c.wav,222c.wav,discomfort,22050,7.0,154350,False
data/processed/audio_clean/discomfort/213c.wav,213c.wav,discomfort,22050,7.0,154350,False
data/processed/audio_clean/discomfort/141c.wav,141c.wav,discomfort,22050,7.0,154350,False
data/processed/audio_clean/discomfort/148c.wav,148c.wav,discomfort,22050,7.0,154350,False
data/processed/audio_clean/discomfort/211c.wav,211c.wav,discomfort,22050,7.0,154350,False
data/processed/audio_clean/discomfort/209c.wav,209c.wav,discomfort,22050,7.0,154350,False
data/processed/audio_clean/discomfort/155c.wav,155c.wav,discomfort,22050,7.0,154350,False
data/processed/audio_clean/discomfort/215c.wav,215c.wav,discomfort,22050,7.0,154350,False
data/processed/audio_clean/discomfort/220c.wav,220c.wav,discomfort,22050,7.0,154350,False
data/processed/audio_clean/discomfort/207c.wav,207c.wav,discomfort,22050,7.0,154350,False
data/processed/audio_clean/discomfort/125c.wav,125c.wav,discomfort,22050,7.0,154350,False
data/processed/audio_clean/discomfort/194c.wav,194c.wav,discomfort,22050,7.0,154350,False
data/processed/audio_clean/discomfort/174c.wav,174c.wav,discomfort,22050,7.0,154350,False
data/processed/audio_clean/discomfort/128c.wav,128c.wav,discomfort,22050,7.0,154350,False
data/processed/audio_clean/discomfort/129c.wav,129c.wav,discomfort,22050,7.0,154350,False
data/processed/audio_clean/discomfort/170c.wav,170c.wav,discomfort,22050,7.0,154350,False
data/processed/audio_clean/discomfort/d6cda191-4962-4308-9a36-46d5648a95ed-1431161889263-1.7-m-04-dc.wav,d6cda191-4962-4308-9a36-46d5648a95ed-1431161889263-1.7-m-04-dc.wav,discomfort,22050,7.0,154350,False
data/processed/audio_clean/discomfort/186c.wav,186c.wav,discomfort,22050,7.0,154350,False
data/processed/audio_clean/discomfort/999bf14b-e417-4b44-b746-9253f81efe38-1430844994519-1.7-m-04-ch.wav,999bf14b-e417-4b44-b746-9253f81efe38-1430844994519-1.7-m-04-ch.wav,discomfort,22050,7.0,154350,False
data/processed/audio_clean/discomfort/191c.wav,191c.wav,discomfort,22050,7.0,154350,False
data/processed/audio_clean/discomfort/190c.wav,190c.wav,discomfort,22050,7.0,154350,False
data/processed/audio_clean/discomfort/242c.wav,242c.wav,discomfort,22050,7.0,154350,False
data/processed/audio_clean/discomfort/7b0e160e-0505-459e-8ecb-304d7afae9d2-1437486974312-1.7-m-04-dc.wav,7b0e160e-0505-459e-8ecb-304d7afae9d2-1437486974312-1.7-m-04-dc.wav,discomfort,22050,7.0,154350,False
data/processed/audio_clean/discomfort/238c.wav,238c.wav,discomfort,22050,7.0,154350,False
data/processed/audio_clean/discomfort/140c.wav,140c.wav,discomfort,22050,7.0,154350,False
data/processed/audio_clean/discomfort/212c.wav,212c.wav,discomfort,22050,7.0,154350,False
data/processed/audio_clean/discomfort/142c.wav,142c.wav,discomfort,22050,7.0,154350,False
data/processed/audio_clean/discomfort/233c.wav,233c.wav,discomfort,22050,7.0,154350,False
data/processed/audio_clean/discomfort/241c.wav,241c.wav,discomfort,22050,7.0,154350,False
data/processed/audio_clean/discomfort/245c.wav,245c.wav,discomfort,22050,7.0,154350,False
data/processed/audio_clean/discomfort/196c.wav,196c.wav,discomfort,22050,7.0,154350,False
data/processed/audio_clean/discomfort/dc5429de-26b4-48e2-bc47-bc607b9bba06-1430741828918-1.7-f-72-hu.wav,dc5429de-26b4-48e2-bc47-bc607b9bba06-1430741828918-1.7-f-72-hu.wav,discomfort,22050,7.0,154350,False
data/processed/audio_clean/discomfort/157c.wav,157c.wav,discomfort,22050,7.0,154350,False
data/processed/audio_clean/discomfort/234c.wav,234c.wav,discomfort,22050,7.0,154350,False
data/processed/audio_clean/discomfort/227c.wav,227c.wav,discomfort,22050,7.0,154350,False
data/processed/audio_clean/discomfort/159c.wav,159c.wav,discomfort,22050,7.0,154350,False
data/processed/audio_clean/discomfort/201c.wav,201c.wav,discomfort,22050,7.0,154350,False
data/processed/audio_clean/discomfort/147c.wav,147c.wav,discomfort,22050,7.0,154350,False
data/processed/audio_clean/discomfort/217c.wav,217c.wav,discomfort,22050,7.0,154350,False
data/processed/audio_clean/discomfort/183c.wav,183c.wav,discomfort,22050,7.0,154350,False
data/processed/audio_clean/discomfort/ae5a462b-5424-4b5b-82d5-07ccb61654ab-1431064345173-1.7-f-48-dc.wav,ae5a462b-5424-4b5b-82d5-07ccb61654ab-1431064345173-1.7-f-48-dc.wav,discomfort,22050,7.0,154350,False
data/processed/audio_clean/discomfort/2294E2B2-8E36-4DA6-A898-B947CB9446AB-1436462707-1.1-m-26-dc.wav,2294E2B2-8E36-4DA6-A898-B947CB9446AB-1436462707-1.1-m-26-dc.wav,discomfort,22050,7.0,154350,False
data/processed/audio_clean/discomfort/197c.wav,197c.wav,discomfort,22050,7.0,154350,False
data/processed/audio_clean/discomfort/232c.wav,232c.wav,discomfort,22050,7.0,154350,False
data/processed/audio_clean/discomfort/172c.wav,172c.wav,discomfort,22050,7.0,154350,False
data/processed/audio_clean/discomfort/175c.wav,175c.wav,discomfort,22050,7.0,154350,False
data/processed/audio_clean/discomfort/154c.wav,154c.wav,discomfort,22050,7.0,154350,False
data/processed/audio_clean/discomfort/219c.wav,219c.wav,discomfort,22050,7.0,154350,False
data/processed/audio_clean/discomfort/152c.wav,152c.wav,discomfort,22050,7.0,154350,False
data/processed/audio_clean/discomfort/161c.wav,161c.wav,discomfort,22050,7.0,154350,False
data/processed/audio_clean/discomfort/223c.wav,223c.wav,discomfort,22050,7.0,154350,False
data/processed/audio_clean/discomfort/200c.wav,200c.wav,discomfort,22050,7.0,154350,False
data/processed/audio_clean/discomfort/199c.wav,199c.wav,discomfort,22050,7.0,154350,False
data/processed/audio_clean/discomfort/153c.wav,153c.wav,discomfort,22050,7.0,154350,False
data/processed/audio_clean/discomfort/177c.wav,177c.wav,discomfort,22050,7.0,154350,False
data/processed/audio_clean/discomfort/218c.wav,218c.wav,discomfort,22050,7.0,154350,False
data/processed/audio_clean/discomfort/79FF400A-97E2-4701-987D-C7C850D5523C-1430089688-1.0-f-48-dc.wav,79FF400A-97E2-4701-987D-C7C850D5523C-1430089688-1.0-f-48-dc.wav,discomfort,22050,7.0,154350,False
data/processed/audio_clean/discomfort/127c.wav,127c.wav,discomfort,22050,7.0,154350,False
data/processed/audio_clean/discomfort/237c.wav,237c.wav,discomfort,22050,7.0,154350,False
data/processed/audio_clean/discomfort/187c.wav,187c.wav,discomfort,22050,7.0,154350,False
data/processed/audio_clean/discomfort/210c.wav,210c.wav,discomfort,22050,7.0,154350,False
data/processed/audio_clean/discomfort/206c.wav,206c.wav,discomfort,22050,7.0,154350,False
data/processed/audio_clean/discomfort/198c.wav,198c.wav,discomfort,22050,7.0,154350,False
data/processed/audio_clean/discomfort/214c.wav,214c.wav,discomfort,22050,7.0,154350,False
data/processed/audio_clean/discomfort/216c.wav,216c.wav,discomfort,22050,7.0,154350,False
data/processed/audio_clean/discomfort/181c.wav,181c.wav,discomfort,22050,7.0,154350,False
data/processed/audio_clean/discomfort/205c.wav,205c.wav,discomfort,22050,7.0,154350,False
data/processed/audio_clean/discomfort/130c.wav,130c.wav,discomfort,22050,7.0,154350,False
data/processed/audio_clean/discomfort/1309B82C-F146-46F0-A723-45345AFA6EA8-1432801703-1.1-f-26-dc.wav,1309B82C-F146-46F0-A723-45345AFA6EA8-1432801703-1.1-f-26-dc.wav,discomfort,22050,7.0,154350,False
data/processed/audio_clean/discomfort/a40b9b8d-e4bc-457a-badf-f38bdbc0c358-1430016981469-1.7-m-26-dc.wav,a40b9b8d-e4bc-457a-badf-f38bdbc0c358-1430016981469-1.7-m-26-dc.wav,discomfort,22050,7.0,154350,False
data/processed/audio_clean/discomfort/a40b9b8d-e4bc-457a-badf-f38bdbc0c358-1430017040912-1.7-m-26-dc.wav,a40b9b8d-e4bc-457a-badf-f38bdbc0c358-1430017040912-1.7-m-26-dc.wav,discomfort,22050,7.0,154350,False
data/processed/audio_clean/discomfort/185c.wav,185c.wav,discomfort,22050,7.0,154350,False
data/processed/audio_clean/discomfort/d6cda191-4962-4308-9a36-46d5648a95ed-1426942891562-1.4-f-48-dc.wav,d6cda191-4962-4308-9a36-46d5648a95ed-1426942891562-1.4-f-48-dc.wav,discomfort,22050,7.0,154350,False
data/processed/audio_clean/discomfort/171c.wav,171c.wav,discomfort,22050,7.0,154350,False
data/processed/audio_clean/discomfort/176c.wav,176c.wav,discomfort,22050,7.0,154350,False
data/processed/audio_clean/discomfort/64acb345-a61e-4ef3-a5a6-cf83c04b83f1-1430058990597-1.7-m-72-dc.wav,64acb345-a61e-4ef3-a5a6-cf83c04b83f1-1430058990597-1.7-m-72-dc.wav,discomfort,22050,7.0,154350,False
data/processed/audio_clean/discomfort/999bf14b-e417-4b44-b746-9253f81efe38-1430845035663-1.7-m-26-ch.wav,999bf14b-e417-4b44-b746-9253f81efe38-1430845035663-1.7-m-26-ch.wav,discomfort,22050,7.0,154350,False
data/processed/audio_clean/discomfort/236c.wav,236c.wav,discomfort,22050,7.0,154350,False
data/processed/audio_clean/discomfort/193c.wav,193c.wav,discomfort,22050,7.0,154350,False
data/processed/audio_clean/discomfort/837fd072-8704-4196-9ff1-1d2c07886e55-1432429478471-1.7-m-22-dc.wav,837fd072-8704-4196-9ff1-1d2c07886e55-1432429478471-1.7-m-22-dc.wav,discomfort,22050,7.0,154350,False
data/processed/audio_clean/discomfort/d6cda191-4962-4308-9a36-46d5648a95ed-1431086262776-1.7-m-04-ch.wav,d6cda191-4962-4308-9a36-46d5648a95ed-1431086262776-1.7-m-04-ch.wav,discomfort,22050,7.0,154350,False
data/processed/audio_clean/discomfort/202c.wav,202c.wav,discomfort,22050,7.0,154350,False
data/processed/audio_clean/discomfort/dc5429de-26b4-48e2-bc47-bc607b9bba06-1430741903654-1.7-f-72-lo.wav,dc5429de-26b4-48e2-bc47-bc607b9bba06-1430741903654-1.7-f-72-lo.wav,discomfort,22050,7.0,154350,False
data/processed/audio_clean/discomfort/182c.wav,182c.wav,discomfort,22050,7.0,154350,False
data/processed/audio_clean/discomfort/178c.wav,178c.wav,discomfort,22050,7.0,154350,False
data/processed/audio_clean/discomfort/243c.wav,243c.wav,discomfort,22050,7.0,154350,False
data/processed/audio_clean/discomfort/f258a8e2-92cd-4843-9da4-80ed26ec8e10-1436944996156-1.7-f-26-ch.wav,f258a8e2-92cd-4843-9da4-80ed26ec8e10-1436944996156-1.7-f-26-ch.wav,discomfort,22050,7.0,154350,False
data/processed/audio_clean/hungry/F4A0C710-AC2D-42E0-8EA9-3E4CAC31EE20-1430318390-1.0-m-04-hu.wav,F4A0C710-AC2D-42E0-8EA9-3E4CAC31EE20-1430318390-1.0-m-04-hu.wav,hungry,22050,7.0,154350,False
data/processed/audio_clean/hungry/2439388A-9CF2-4D3B-9534-E6951FC9EAD4-1436877953-1.1-m-26-hu.wav,2439388A-9CF2-4D3B-9534-E6951FC9EAD4-1436877953-1.1-m-26-hu.wav,hungry,22050,7.0,154350,False
data/processed/audio_clean/hungry/2a0e6a88-b049-4f46-a3d6-d73ffae470d5-1430770144865-1.7-m-04-hu.wav,2a0e6a88-b049-4f46-a3d6-d73ffae470d5-1430770144865-1.7-m-04-hu.wav,hungry,22050,7.0,154350,False
data/processed/audio_clean/hungry/11417AC2-DCC9-48CD-8177-CA8665E51B2F-1436881489-1.1-m-48-hu.wav,11417AC2-DCC9-48CD-8177-CA8665E51B2F-1436881489-1.1-m-48-hu.wav,hungry,22050,7.0,154350,False
data/processed/audio_clean/hungry/8c66887c-8251-49fa-903b-c02d56405f58-1436856065644-1.7-m-26-hu.wav,8c66887c-8251-49fa-903b-c02d56405f58-1436856065644-1.7-m-26-hu.wav,hungry,22050,7.0,154350,False
data/processed/audio_clean/hungry/80130d3a-ceb9-4460-8464-e956bac5c40d-1436850034856-1.7-m-72-hu.wav,80130d3a-ceb9-4460-8464-e956bac5c40d-1436850034856-1.7-m-72-hu.wav,hungry,22050,7.0,154350,False
data/processed/audio_clean/hungry/67414C5E-0EB2-48FD-8391-FCF085FDB6D9-1430050964-1.0-m-04-hu.wav,67414C5E-0EB2-48FD-8391-FCF085FDB6D9-1430050964-1.0-m-04-hu.wav,hungry,22050,7.0,154350,False
data/processed/audio_clean/hungry/D54D9C2A-56ED-4338-9D1F-2ADB4E081DAD-1429807587-1.0-m-48-hu.wav,D54D9C2A-56ED-4338-9D1F-2ADB4E081DAD-1429807587-1.0-m-48-hu.wav,hungry,22050,7.0,154350,False
data/processed/audio_clean/hungry/3bb2445a-9ae9-4dc8-9a2e-86c696ffa405-1430122005544-1.7-m-26-hu.wav,3bb2445a-9ae9-4dc8-9a2e-86c696ffa405-1430122005544-1.7-m-26-hu.wav,hungry,22050,7.0,154350,False
data/processed/audio_clean/hungry/9CFD61B9-BF13-406D-8B2F-F73CFAAF25CB-1430927741-1.0-f-04-hu.wav,9CFD61B9-BF13-406D-8B2F-F73CFAAF25CB-1430927741-1.0-f-04-hu.wav,hungry,22050,7.0,154350,False
data/processed/audio_clean/hungry/1259bcad-2308-46fa-9a36-b5d8f359886a-1430143617162-1.7-m-04-hu.wav,1259bcad-2308-46fa-9a36-b5d8f359886a-1430143617162-1.7-m-04-hu.wav,hungry,22050,7.0,154350,False
data/processed/audio_clean/hungry/8f4dbf5a-b504-4452-b6ac-94e646a6a052-1430727806162-1.7-f-72-hu.wav,8f4dbf5a-b504-4452-b6ac-94e646a6a052-1430727806162-1.7-f-72-hu.wav,hungry,22050,7.0,154350,False
data/processed/audio_clean/hungry/24f94b49-c8bc-4ed2-b43a-80b099f12936-1430534429690-1.7-m-04-hu.wav,24f94b49-c8bc-4ed2-b43a-80b099f12936-1430534429690-1.7-m-04-hu.wav,hungry,22050,7.0,154350,False
data/processed/audio_clean/hungry/aaa57dbd-7b88-454a-963e-6faa2f4ed4e7-1437166513710-1.7-f-04-hu.wav,aaa57dbd-7b88-454a-963e-6faa2f4ed4e7-1437166513710-1.7-f-04-hu.wav,hungry,22050,7.0,154350,False
data/processed/audio_clean/hungry/539FDD32-6326-422E-A707-FCF063D3426C-1437073534-1.1-f-26-hu.wav,539FDD32-6326-422E-A707-FCF063D3426C-1437073534-1.1-f-26-hu.wav,hungry,22050,7.0,154350,False
data/processed/audio_clean/hungry/4be720ce-a5e5-4a48-930f-a212f8a239f6-1434774932733-1.7-f-48-hu.wav,4be720ce-a5e5-4a48-930f-a212f8a239f6-1434774932733-1.7-f-48-hu.wav,hungry,22050,7.0,154350,False
data/processed/audio_clean/hungry/aaa57dbd-7b88-454a-963e-6faa2f4ed4e7-1436982066128-1.7-f-04-hu.wav,aaa57dbd-7b88-454a-963e-6faa2f4ed4e7-1436982066128-1.7-f-04-hu.wav,hungry,22050,7.0,154350,False
data/processed/audio_clean/hungry/F4A65A98-ADEE-49C4-9B45-65A8429DF170-1430232330-1.0-m-72-hu.wav,F4A65A98-ADEE-49C4-9B45-65A8429DF170-1430232330-1.0-m-72-hu.wav,hungry,22050,7.0,154350,False
data/processed/audio_clean/hungry/D54D9C2A-56ED-4338-9D1F-2ADB4E081DAD-1429807598-1.0-m-48-hu.wav,D54D9C2A-56ED-4338-9D1F-2ADB4E081DAD-1429807598-1.0-m-48-hu.wav,hungry,22050,7.0,154350,False
data/processed/audio_clean/hungry/81724071-bc5e-4e38-8f35-85a691af5721-1430737552979-1.7-m-04-hu.wav,81724071-bc5e-4e38-8f35-85a691af5721-1430737552979-1.7-m-04-hu.wav,hungry,22050,7.0,154350,False
data/processed/audio_clean/hungry/3030d0e9-0c9b-4616-9b83-f10dc2dedbfd-1430053464739-1.7-m-26-hu.wav,3030d0e9-0c9b-4616-9b83-f10dc2dedbfd-1430053464739-1.7-m-26-hu.wav,hungry,22050,7.0,154350,False
data/processed/audio_clean/hungry/5C2F730C-9721-40B7-A2D8-C257DB518978-1429966336-1.0-m-04-hu.wav,5C2F730C-9721-40B7-A2D8-C257DB518978-1429966336-1.0-m-04-hu.wav,hungry,22050,7.0,154350,False
data/processed/audio_clean/hungry/7A864194-4B6B-4850-ABBF-0C2A8170107B-1436846797-1.1-f-26-hu.wav,7A864194-4B6B-4850-ABBF-0C2A8170107B-1436846797-1.1-f-26-hu.wav,hungry,22050,7.0,154350,False
data/processed/audio_clean/hungry/DB95BF4A-E3E5-4429-A660-DBBCF486E6DF-1430664611-1.0-f-72-hu.wav,DB95BF4A-E3E5-4429-A660-DBBCF486E6DF-1430664611-1.0-f-72-hu.wav,hungry,22050,7.0,154350,False
data/processed/audio_clean/hungry/8f4dbf5a-b504-4452-b6ac-94e646a6a052-1430735157938-1.7-f-72-hu.wav,8f4dbf5a-b504-4452-b6ac-94e646a6a052-1430735157938-1.7-f-72-hu.wav,hungry,22050,7.0,154350,False
data/processed/audio_clean/hungry/CC8771B1-C84E-4223-A010-029A7629A975-1434107299-1.1-f-04-hu.wav,CC8771B1-C84E-4223-A010-029A7629A975-1434107299-1.1-f-04-hu.wav,hungry,22050,7.0,154350,False
data/processed/audio_clean/hungry/D1CB71F9-EF76-49B3-A703-41D557444D21-1436863375-1.1-m-04-hu.wav,D1CB71F9-EF76-49B3-A703-41D557444D21-1436863375-1.1-m-04-hu.wav,hungry,22050,7.0,154350,False
data/processed/audio_clean/hungry/F95D4BCE-2FB0-4A0C-A058-BFB0674539AF-1430055800-1.0-m-26-hu.wav,F95D4BCE-2FB0-4A0C-A058-BFB0674539AF-1430055800-1.0-m-26-hu.wav,hungry,22050,7.0,154350,False
data/processed/audio_clean/hungry/8c66887c-8251-49fa-903b-c02d56405f58-1436856137837-1.7-m-26-hu.wav,8c66887c-8251-49fa-903b-c02d56405f58-1436856137837-1.7-m-26-hu.wav,hungry,22050,7.0,154350,False
data/processed/audio_clean/hungry/6bd76f21-f279-4c46-9453-58c95e7b2475-1430767927715-1.7-m-72-hu.wav,6bd76f21-f279-4c46-9453-58c95e7b2475-1430767927715-1.7-m-72-hu.wav,hungry,22050,7.0,154350,False
data/processed/audio_clean/hungry/F4A0C710-AC2D-42E0-8EA9-3E4CAC31EE20-1430318400-1.0-m-04-hu.wav,F4A0C710-AC2D-42E0-8EA9-3E4CAC31EE20-1430318400-1.0-m-04-hu.wav,hungry,22050,7.0,154350,False
data/processed/audio_clean/hungry/1445575b-80ad-477b-8e48-36194cac728e-1430244987914-1.7-f-48-hu.wav,1445575b-80ad-477b-8e48-36194cac728e-1430244987914-1.7-f-48-hu.wav,hungry,22050,7.0,154350,False
data/processed/audio_clean/hungry/F1AF5794-AD3B-4181-B010-AB835E5BDA64-1430441342-1.0-m-72-hu.wav,F1AF5794-AD3B-4181-B010-AB835E5BDA64-1430441342-1.0-m-72-hu.wav,hungry,22050,7.0,154350,False
data/processed/audio_clean/hungry/8057932d-a6af-4d63-903b-37049686e176-1430919675907-1.7-f-72-hu.wav,8057932d-a6af-4d63-903b-37049686e176-1430919675907-1.7-f-72-hu.wav,hungry,22050,7.0,154350,False
data/processed/audio_clean/hungry/415d69b4-6d84-4bf8-97b0-10f8f108dc1d-1430739498797-1.7-m-04-hu.wav,415d69b4-6d84-4bf8-97b0-10f8f108dc1d-1430739498797-1.7-m-04-hu.wav,hungry,22050,7.0,154350,False
data/processed/audio_clean/hungry/2e25d0a5-0b2b-44ef-8491-e445b16ea75c-1430056314272-1.7-f-26-hu.wav,2e25d0a5-0b2b-44ef-8491-e445b16ea75c-1430056314272-1.7-f-26-hu.wav,hungry,22050,7.0,154350,False
data/processed/audio_clean/hungry/5E01DC60-1DE3-4AF9-A661-7F649EAE457D-1430141106-1.0-m-26-hu.wav,5E01DC60-1DE3-4AF9-A661-7F649EAE457D-1430141106-1.0-m-26-hu.wav,hungry,22050,7.0,154350,False
data/processed/audio_clean/hungry/7E4B9C14-F955-4BED-9B03-7F3096A6CBFF-1430232180-1.0-f-26-hu.wav,7E4B9C14-F955-4BED-9B03-7F3096A6CBFF-1430232180-1.0-f-26-hu.wav,hungry,22050,7.0,154350,False
data/processed/audio_clean/hungry/8f4dbf5a-b504-4452-b6ac-94e646a6a052-1430727792958-1.7-f-72-hu.wav,8f4dbf5a-b504-4452-b6ac-94e646a6a052-1430727792958-1.7-f-72-hu.wav,hungry,22050,7.0,154350,False
data/processed/audio_clean/hungry/7B924575-21FC-462A-969E-BABB46D1CBF5-1430055167-1.0-f-72-hu.wav,7B924575-21FC-462A-969E-BABB46D1CBF5-1430055167-1.0-f-72-hu.wav,hungry,22050,7.0,154350,False
data/processed/audio_clean/hungry/AE02C934-F4E5-4C73-818D-56AA6887EC18-1430279441-1.0-m-26-hu.wav,AE02C934-F4E5-4C73-818D-56AA6887EC18-1430279441-1.0-m-26-hu.wav,hungry,22050,7.0,154350,False
data/processed/audio_clean/hungry/5f651112-d2a3-4911-b3a5-f37bfc092494-1430734658837-1.7-m-72-hu.wav,5f651112-d2a3-4911-b3a5-f37bfc092494-1430734658837-1.7-m-72-hu.wav,hungry,22050,7.0,154350,False
data/processed/audio_clean/hungry/602b06a7-31f0-4370-b35a-9cc81d205958-1430739585531-1.7-m-04-hu.wav,602b06a7-31f0-4370-b35a-9cc81d205958-1430739585531-1.7-m-04-hu.wav,hungry,22050,7.0,154350,False
data/processed/audio_clean/hungry/10A40438-09AA-4A21-83B4-8119F03F7A11-1430925172-1.0-f-26-hu.wav,10A40438-09AA-4A21-83B4-8119F03F7A11-1430925172-1.0-f-26-hu.wav,hungry,22050,7.0,154350,False
data/processed/audio_clean/hungry/1309B82C-F146-46F0-A723-45345AFA6EA8-1430059849-1.0-f-04-hu.wav,1309B82C-F146-46F0-A723-45345AFA6EA8-1430059849-1.0-f-04-hu.wav,hungry,22050,7.0,154350,False
data/processed/audio_clean/hungry/3c51dedc-6e4c-47dd-a179-86a25e95f1ef-1430651049104-1.7-m-72-hu.wav,3c51dedc-6e4c-47dd-a179-86a25e95f1ef-1430651049104-1.7-m-72-hu.wav,hungry,22050,7.0,154350,False
data/processed/audio_clean/hungry/3030d0e9-0c9b-4616-9b83-f10dc2dedbfd-1430053594259-1.7-m-26-hu.wav,3030d0e9-0c9b-4616-9b83-f10dc2dedbfd-1430053594259-1.7-m-26-hu.wav,hungry,22050,7.0,154350,False
data/processed/audio_clean/hungry/1259bcad-2308-46fa-9a36-b5d8f359886a-1430143644843-1.7-f-04-hu.wav,1259bcad-2308-46fa-9a36-b5d8f359886a-1430143644843-1.7-f-04-hu.wav,hungry,22050,7.0,154350,False
data/processed/audio_clean/hungry/3bb2445a-9ae9-4dc8-9a2e-86c696ffa405-1430122479873-1.7-m-26-hu.wav,3bb2445a-9ae9-4dc8-9a2e-86c696ffa405-1430122479873-1.7-m-26-hu.wav,hungry,22050,7.0,154350,False
data/processed/audio_clean/hungry/aaa57dbd-7b88-454a-963e-6faa2f4ed4e7-1436982098411-1.7-f-04-hu.wav,aaa57dbd-7b88-454a-963e-6faa2f4ed4e7-1436982098411-1.7-f-04-hu.wav,hungry,22050,7.0,154350,False
data/processed/audio_clean/hungry/69374818-7b73-48ac-8200-e6a225e293fb-1430746091424-1.7-m-04-hu.wav,69374818-7b73-48ac-8200-e6a225e293fb-1430746091424-1.7-m-04-hu.wav,hungry,22050,7.0,154350,False
data/processed/audio_clean/hungry/a40b9b8d-e4bc-457a-badf-f38bdbc0c358-1430017191818-1.7-m-26-hu.wav,a40b9b8d-e4bc-457a-badf-f38bdbc0c358-1430017191818-1.7-m-26-hu.wav,hungry,22050,7.0,154350,False
data/processed/audio_clean/hungry/9CFD61B9-BF13-406D-8B2F-F73CFAAF25CB-1430927728-1.0-f-04-hu.wav,9CFD61B9-BF13-406D-8B2F-F73CFAAF25CB-1430927728-1.0-f-04-hu.wav,hungry,22050,7.0,154350,False
data/processed/audio_clean/hungry/0f257dac-7d6f-4575-9192-e3b4dcd3d4ef-1430185441581-1.7-f-26-hu.wav,0f257dac-7d6f-4575-9192-e3b4dcd3d4ef-1430185441581-1.7-f-26-hu.wav,hungry,22050,7.0,154350,False
data/processed/audio_clean/hungry/7e3de9b8-2be5-473f-b8c3-c2657f1317bb-1430006339251-1.7-f-04-hu.wav,7e3de9b8-2be5-473f-b8c3-c2657f1317bb-1430006339251-1.7-f-04-hu.wav,hungry,22050,7.0,154350,False
data/processed/audio_clean/hungry/8c920fd0-fa9f-4926-bcac-074767dcbfcd-1436856363348-1.7-f-04-hu.wav,8c920fd0-fa9f-4926-bcac-074767dcbfcd-1436856363348-1.7-f-04-hu.wav,hungry,22050,7.0,154350,False
data/processed/audio_clean/hungry/3bb2445a-9ae9-4dc8-9a2e-86c696ffa405-1430142760958-1.7-m-26-hu.wav,3bb2445a-9ae9-4dc8-9a2e-86c696ffa405-1430142760958-1.7-m-26-hu.wav,hungry,22050,7.0,154350,False
data/processed/audio_clean/hungry/3d3e244d-20b1-4ec3-9732-92dcd14ff35a-1436961241219-1.7-m-72-hu.wav,3d3e244d-20b1-4ec3-9732-92dcd14ff35a-1436961241219-1.7-m-72-hu.wav,hungry,22050,7.0,154350,False
data/processed/audio_clean/hungry/FF2CD2F6-404D-4626-8718-6E6C751F63B8-1431104337-1.0-m-04-hu.wav,FF2CD2F6-404D-4626-8718-6E6C751F63B8-1431104337-1.0-m-04-hu.wav,hungry,22050,7.0,154350,False
data/processed/audio_clean/hungry/090C15A8-5406-4EA5-97A3-81F6527227C0-1430147533-1.0-m-72-hu.wav,090C15A8-5406-4EA5-97A3-81F6527227C0-1430147533-1.0-m-72-hu.wav,hungry,22050,7.0,154350,False
data/processed/audio_clean/hungry/C421C6FE-DFEE-4080-8AEA-848E7CE4756B-1430548277-1.0-f-26-hu.wav,C421C6FE-DFEE-4080-8AEA-848E7CE4756B-1430548277-1.0-f-26-hu.wav,hungry,22050,7.0,154350,False
data/processed/audio_clean/hungry/4D43D6CD-C084-4081-ABF3-8B25951B2D75-1430146631-1.0-m-04-hu.wav,4D43D6CD-C084-4081-ABF3-8B25951B2D75-1430146631-1.0-m-04-hu.wav,hungry,22050,7.0,154350,False
data/processed/audio_clean/hungry/DBA77EDC-D457-4B3A-83B8-B7AFBF272D4E-1436860486-1.1-m-72-hu.wav,DBA77EDC-D457-4B3A-83B8-B7AFBF272D4E-1436860486-1.1-m-72-hu.wav,hungry,22050,7.0,154350,False
data/processed/audio_clean/hungry/10A40438-09AA-4A21-83B4-8119F03F7A11-1430848034-1.0-f-26-hu.wav,10A40438-09AA-4A21-83B4-8119F03F7A11-1430848034-1.0-f-26-hu.wav,hungry,22050,7.0,154350,False
data/processed/audio_clean/hungry/375308C6-F894-49A5-B246-8C2819E9C6ED-1430416651-1.0-m-04-hu.wav,375308C6-F894-49A5-B246-8C2819E9C6ED-1430416651-1.0-m-04-hu.wav,hungry,22050,7.0,154350,False
data/processed/audio_clean/hungry/771fa0cc-4535-471b-9cec-d26deff8d567-1429803644891-1.7-m-04-hu.wav,771fa0cc-4535-471b-9cec-d26deff8d567-1429803644891-1.7-m-04-hu.wav,hungry,22050,7.0,154350,False
data/processed/audio_clean/hungry/999bf14b-e417-4b44-b746-9253f81efe38-1430844940177-1.7-m-04-hu.wav,999bf14b-e417-4b44-b746-9253f81efe38-1430844940177-1.7-m-04-hu.wav,hungry,22050,7.0,154350,False
data/processed/audio_clean/hungry/AE02C934-F4E5-4C73-818D-56AA6887EC18-1430279454-1.0-m-26-hu.wav,AE02C934-F4E5-4C73-818D-56AA6887EC18-1430279454-1.0-m-26-hu.wav,hungry,22050,7.0,154350,False
data/processed/audio_clean/hungry/F6C6D3EE-F139-48A4-9EAC-0A50EB011CDC-1430103974-1.0-m-04-hu.wav,F6C6D3EE-F139-48A4-9EAC-0A50EB011CDC-1430103974-1.0-m-04-hu.wav,hungry,22050,7.0,154350,False
data/processed/audio_clean/hungry/86c2b87a-ae7c-46a3-b6fb-7ebe748812cf-1430036547966-1.7-m-04-hu.wav,86c2b87a-ae7c-46a3-b6fb-7ebe748812cf-1430036547966-1.7-m-04-hu.wav,hungry,22050,7.0,154350,False
data/processed/audio_clean/hungry/1f40790f-68f2-4e7e-845e-715bd97c82d0-1429979603276-1.7-m-72-hu.wav,1f40790f-68f2-4e7e-845e-715bd97c82d0-1429979603276-1.7-m-72-hu.wav,hungry,22050,7.0,154350,False
data/processed/audio_clean/hungry/549a46d8-9c84-430e-ade8-97eae2bef787-1430130669340-1.7-m-48-hu.wav,549a46d8-9c84-430e-ade8-97eae2bef787-1430130669340-1.7-m-48-hu.wav,hungry,22050,7.0,154350,False
data/processed/audio_clean/hungry/9fe37482-6a64-401d-b8b9-3e47d6ed9ac0-1430047399844-1.7-f-26-hu.wav,9fe37482-6a64-401d-b8b9-3e47d6ed9ac0-1430047399844-1.7-f-26-hu.wav,hungry,22050,7.0,154350,False
data/processed/audio_clean/hungry/8f4dbf5a-b504-4452-b6ac-94e646a6a052-1430734962301-1.7-f-72-hu.wav,8f4dbf5a-b504-4452-b6ac-94e646a6a052-1430734962301-1.7-f-72-hu.wav,hungry,22050,7.0,154350,False
data/processed/audio_clean/hungry/46002244-7304-45DC-BF69-B6EC2BB25009-1436902364-1.1-f-48-hu.wav,46002244-7304-45DC-BF69-B6EC2BB25009-1436902364-1.1-f-48-hu.wav,hungry,22050,7.0,154350,False
data/processed/audio_clean/hungry/F24DE44B-762C-4149-AC92-96A5E57ED118-1430816936-1.0-m-04-hu.wav,F24DE44B-762C-4149-AC92-96A5E57ED118-1430816936-1.0-m-04-hu.wav,hungry,22050,7.0,154350,False
data/processed/audio_clean/hungry/50DC5FBC-AC95-44F2-B55F-E4E5FB03AC96-1430007656-1.0-m-26-hu.wav,50DC5FBC-AC95-44F2-B55F-E4E5FB03AC96-1430007656-1.0-m-26-hu.wav,hungry,22050,7.0,154350,False
data/processed/audio_clean/hungry/63CA92F7-973A-4DCA-A410-7B19811A2478-1430041902-1.0-f-26-hu.wav,63CA92F7-973A-4DCA-A410-7B19811A2478-1430041902-1.0-f-26-hu.wav,hungry,22050,7.0,154350,False
data/processed/audio_clean/hungry/F3BAEDDA-CDC0-4A65-90EE-5C372CEE4F3B-1437012059-1.1-m-26-hu.wav,F3BAEDDA-CDC0-4A65-90EE-5C372CEE4F3B-1437012059-1.1-m-26-hu.wav,hungry,22050,7.0,154350,False
data/processed/audio_clean/hungry/459c3f85-5710-4efa-bcc9-8012aa1af55e-1430034895673-1.7-f-48-hu.wav,459c3f85-5710-4efa-bcc9-8012aa1af55e-1430034895673-1.7-f-48-hu.wav,hungry,22050,7.0,154350,False
data/processed/audio_clean/hungry/FF482278-24C9-4FB0-A7BE-FD92D1FE17B4-1430028319-1.0-m-26-hu.wav,FF482278-24C9-4FB0-A7BE-FD92D1FE17B4-1430028319-1.0-m-26-hu.wav,hungry,22050,7.0,154350,False
data/processed/audio_clean/hungry/08E9485B-2772-444B-A636-77E14DD14A8C-1431493453-1.0-m-04-hu.wav,08E9485B-2772-444B-A636-77E14DD14A8C-1431493453-1.0-m-04-hu.wav,hungry,22050,7.0,154350,False
data/processed/audio_clean/hungry/DCB33551-F9BA-4B4A-8DA1-A3107E1AD859-1430406495-1.0-m-04-hu.wav,DCB33551-F9BA-4B4A-8DA1-A3107E1AD859-1430406495-1.0-m-04-hu.wav,hungry,22050,7.0,154350,False
data/processed/audio_clean/hungry/D833237F-1F7C-4338-BEDE-84C0CF5F4145-1430083995-1.0-f-26-hu.wav,D833237F-1F7C-4338-BEDE-84C0CF5F4145-1430083995-1.0-f-26-hu.wav,hungry,22050,7.0,154350,False
data/processed/audio_clean/hungry/815af07e-4c31-4032-8bd1-dab6e60c879e-1433156413683-1.7-m-04-hu.wav,815af07e-4c31-4032-8bd1-dab6e60c879e-1433156413683-1.7-m-04-hu.wav,hungry,22050,7.0,154350,False
data/processed/audio_clean/hungry/a40b9b8d-e4bc-457a-badf-f38bdbc0c358-1430016745385-1.7-m-04-hu.wav,a40b9b8d-e4bc-457a-badf-f38bdbc0c358-1430016745385-1.7-m-04-hu.wav,hungry,22050,7.0,154350,False
data/processed/audio_clean/hungry/2439388A-9CF2-4D3B-9534-E6951FC9EAD4-1436877933-1.1-m-26-hu.wav,2439388A-9CF2-4D3B-9534-E6951FC9EAD4-1436877933-1.1-m-26-hu.wav,hungry,22050,7.0,154350,False
data/processed/audio_clean/hungry/3c0b4e07-33ec-4d68-a6b2-5f5dcb8cff8e-1430070829977-1.7-m-26-hu.wav,3c0b4e07-33ec-4d68-a6b2-5f5dcb8cff8e-1430070829977-1.7-m-26-hu.wav,hungry,22050,7.0,154350,False
data/processed/audio_clean/hungry/8FDA58A7-FDC6-4421-855F-738E6E853E43-1429895780-1.0-m-26-hu.wav,8FDA58A7-FDC6-4421-855F-738E6E853E43-1429895780-1.0-m-26-hu.wav,hungry,22050,7.0,154350,False
data/processed/audio_clean/hungry/50DC5FBC-AC95-44F2-B55F-E4E5FB03AC96-1430007668-1.0-m-26-hu.wav,50DC5FBC-AC95-44F2-B55F-E4E5FB03AC96-1430007668-1.0-m-26-hu.wav,hungry,22050,7.0,154350,False
data/processed/audio_clean/hungry/86c2b87a-ae7c-46a3-b6fb-7ebe748812cf-1430036562389-1.7-m-04-hu.wav,86c2b87a-ae7c-46a3-b6fb-7ebe748812cf-1430036562389-1.7-m-04-hu.wav,hungry,22050,7.0,154350,False
data/processed/audio_clean/hungry/9CFD61B9-BF13-406D-8B2F-F73CFAAF25CB-1430927716-1.0-f-04-hu.wav,9CFD61B9-BF13-406D-8B2F-F73CFAAF25CB-1430927716-1.0-f-04-hu.wav,hungry,22050,7.0,154350,False
data/processed/audio_clean/hungry/50DC5FBC-AC95-44F2-B55F-E4E5FB03AC96-1430007691-1.0-m-26-hu.wav,50DC5FBC-AC95-44F2-B55F-E4E5FB03AC96-1430007691-1.0-m-26-hu.wav,hungry,22050,7.0,154350,False
data/processed/audio_clean/hungry/653bf718-94bd-40d0-af7c-8fe44e07640c-1430759214066-1.7-m-04-hu.wav,653bf718-94bd-40d0-af7c-8fe44e07640c-1430759214066-1.7-m-04-hu.wav,hungry,22050,7.0,154350,False
data/processed/audio_clean/hungry/B327333E-2DE2-4833-A75A-4C576208BED3-1430087429-1.0-f-48-hu.wav,B327333E-2DE2-4833-A75A-4C576208BED3-1430087429-1.0-f-48-hu.wav,hungry,22050,7.0,154350,False
data/processed/audio_clean/hungry/5afc6a14-a9d8-45f8-b31d-c79dd87cc8c6-1430757081034-1.7-m-48-hu.wav,5afc6a14-a9d8-45f8-b31d-c79dd87cc8c6-1430757081034-1.7-m-48-hu.wav,hungry,22050,7.0,154350,False
data/processed/audio_clean/hungry/1b381a1e-88a6-4a48-b889-a5ccdf0aacaf-1430299568333-1.7-f-72-hu.wav,1b381a1e-88a6-4a48-b889-a5ccdf0aacaf-1430299568333-1.7-f-72-hu.wav,hungry,22050,7.0,154350,False
data/processed/audio_clean/hungry/3DF341FA-E90B-4335-A51A-A9B0769150CE-1436859328-1.1-m-04-hu.wav,3DF341FA-E90B-4335-A51A-A9B0769150CE-1436859328-1.1-m-04-hu.wav,hungry,22050,7.0,154350,False
data/processed/audio_clean/hungry/C421C6FE-DFEE-4080-8AEA-848E7CE4756B-1430548250-1.0-f-48-hu.wav,C421C6FE-DFEE-4080-8AEA-848E7CE4756B-1430548250-1.0-f-48-hu.wav,hungry,22050,7.0,154350,False
data/processed/audio_clean/hungry/52dfc27a-fbc4-4d9f-bbcf-6406c919324a-1430041644396-1.7-m-26-hu.wav,52dfc27a-fbc4-4d9f-bbcf-6406c919324a-1430041644396-1.7-m-26-hu.wav,hungry,22050,7.0,154350,False
data/processed/audio_clean/hungry/999bf14b-e417-4b44-b746-9253f81efe38-1431013054417-1.7-m-26-hu.wav,999bf14b-e417-4b44-b746-9253f81efe38-1431013054417-1.7-m-26-hu.wav,hungry,22050,7.0,154350,False
data/processed/audio_clean/hungry/64acb345-a61e-4ef3-a5a6-cf83c04b83f1-1430058973897-1.7-m-72-hu.wav,64acb345-a61e-4ef3-a5a6-cf83c04b83f1-1430058973897-1.7-m-72-hu.wav,hungry,22050,7.0,154350,False
data/processed/audio_clean/hungry/70d30513-0ec3-49e4-9976-e85785e85c2d-1431033390358-1.7-m-04-hu.wav,70d30513-0ec3-49e4-9976-e85785e85c2d-1431033390358-1.7-m-04-hu.wav,hungry,22050,7.0,154350,False
data/processed/audio_clean/hungry/7E4B9C14-F955-4BED-9B03-7F3096A6CBFF-1430232195-1.0-f-26-hu.wav,7E4B9C14-F955-4BED-9B03-7F3096A6CBFF-1430232195-1.0-f-26-hu.wav,hungry,22050,7.0,154350,False
data/processed/audio_clean/hungry/10A40438-09AA-4A21-83B4-8119F03F7A11-1430848060-1.0-f-26-hu.wav,10A40438-09AA-4A21-83B4-8119F03F7A11-1430848060-1.0-f-26-hu.wav,hungry,22050,7.0,154350,False
data/processed/audio_clean/hungry/40a4c760-facf-4911-b0a6-22eccc3ab18d-1430477717469-1.7-f-26-hu.wav,40a4c760-facf-4911-b0a6-22eccc3ab18d-1430477717469-1.7-f-26-hu.wav,hungry,22050,7.0,154350,False
data/processed/audio_clean/hungry/602b06a7-31f0-4370-b35a-9cc81d205958-1430907796431-1.7-f-72-hu.wav,602b06a7-31f0-4370-b35a-9cc81d205958-1430907796431-1.7-f-72-hu.wav,hungry,22050,7.0,154350,False
data/processed/audio_clean/hungry/F2F97740-D638-4B6F-9E09-3AC65F06B448-1436849335-1.1-f-48-hu.wav,F2F97740-D638-4B6F-9E09-3AC65F06B448-1436849335-1.1-f-48-hu.wav,hungry,22050,7.0,154350,False
data/processed/audio_clean/hungry/323cab80-2551-4a46-8c3d-62c7a5264afa-1430382588301-1.7-m-22-hu.wav,323cab80-2551-4a46-8c3d-62c7a5264afa-1430382588301-1.7-m-22-hu.wav,hungry,22050,7.0,154350,False
data/processed/audio_clean/hungry/F6C6D3EE-F139-48A4-9EAC-0A50EB011CDC-1430103957-1.0-m-04-hu.wav,F6C6D3EE-F139-48A4-9EAC-0A50EB011CDC-1430103957-1.0-m-04-hu.wav,hungry,22050,7.0,154350,False
data/processed/audio_clean/hungry/88da3fbd-926b-4ee7-ae8f-85f92f2783b0-1430114329442-1.7-m-04-hu.wav,88da3fbd-926b-4ee7-ae8f-85f92f2783b0-1430114329442-1.7-m-04-hu.wav,hungry,22050,7.0,154350,False
data/processed/audio_clean/hungry/8C13A1F9-62CC-46AA-9192-BECE5CDD5CB0-1430249362-1.0-f-72-hu.wav,8C13A1F9-62CC-46AA-9192-BECE5CDD5CB0-1430249362-1.0-f-72-hu.wav,hungry,22050,7.0,154350,False
data/processed/audio_clean/hungry/9fe37482-6a64-401d-b8b9-3e47d6ed9ac0-1430047590938-1.7-f-26-hu.wav,9fe37482-6a64-401d-b8b9-3e47d6ed9ac0-1430047590938-1.7-f-26-hu.wav,hungry,22050,7.0,154350,False
data/processed/audio_clean/hungry/7B924575-21FC-462A-969E-BABB46D1CBF5-1430055220-1.0-f-72-hu.wav,7B924575-21FC-462A-969E-BABB46D1CBF5-1430055220-1.0-f-72-hu.wav,hungry,22050,7.0,154350,False
data/processed/audio_clean/hungry/602b06a7-31f0-4370-b35a-9cc81d205958-1430739609286-1.7-f-72-hu.wav,602b06a7-31f0-4370-b35a-9cc81d205958-1430739609286-1.7-f-72-hu.wav,hungry,22050,7.0,154350,False
data/processed/audio_clean/hungry/8f4dbf5a-b504-4452-b6ac-94e646a6a052-1430735040980-1.7-f-72-hu.wav,8f4dbf5a-b504-4452-b6ac-94e646a6a052-1430735040980-1.7-f-72-hu.wav,hungry,22050,7.0,154350,False
data/processed/audio_clean/hungry/08E9485B-2772-444B-A636-77E14DD14A8C-1431493441-1.0-m-04-hu.wav,08E9485B-2772-444B-A636-77E14DD14A8C-1431493441-1.0-m-04-hu.wav,hungry,22050,7.0,154350,False
data/processed/audio_clean/hungry/A123AD65-38D3-4A65-AB37-330034765840-1430093699-1.0-m-04-hu.wav,A123AD65-38D3-4A65-AB37-330034765840-1430093699-1.0-m-04-hu.wav,hungry,22050,7.0,154350,False
data/processed/audio_clean/hungry/40a4c760-facf-4911-b0a6-22eccc3ab18d-1430477756469-1.7-f-26-hu.wav,40a4c760-facf-4911-b0a6-22eccc3ab18d-1430477756469-1.7-f-26-hu.wav,hungry,22050,7.0,154350,False
data/processed/audio_clean/hungry/9aa8bac5-eeb9-4f19-a4bf-7c439e87364b-1430745385374-1.7-m-04-hu.wav,9aa8bac5-eeb9-4f19-a4bf-7c439e87364b-1430745385374-1.7-m-04-hu.wav,hungry,22050,7.0,154350,False
data/processed/audio_clean/hungry/4be720ce-a5e5-4a48-930f-a212f8a239f6-1434737694572-1.7-f-48-hu.wav,4be720ce-a5e5-4a48-930f-a212f8a239f6-1434737694572-1.7-f-48-hu.wav,hungry,22050,7.0,154350,False
data/processed/audio_clean/hungry/02c3b725-26e4-4a2c-9336-04ddc58836d9-1430726196216-1.7-m-04-hu.wav,02c3b725-26e4-4a2c-9336-04ddc58836d9-1430726196216-1.7-m-04-hu.wav,hungry,22050,7.0,154350,False
data/processed/audio_clean/hungry/090C15A8-5406-4EA5-97A3-81F6527227C0-1430147515-1.0-m-72-hu.wav,090C15A8-5406-4EA5-97A3-81F6527227C0-1430147515-1.0-m-72-hu.wav,hungry,22050,7.0,154350,False
data/processed/audio_clean/hungry/a56e2494-d2b2-480e-af0b-de9ea8f33572-1436897427825-1.7-f-26-hu.wav,a56e2494-d2b2-480e-af0b-de9ea8f33572-1436897427825-1.7-f-26-hu.wav,hungry,22050,7.0,154350,False
data/processed/audio_clean/hungry/549a46d8-9c84-430e-ade8-97eae2bef787-1430130702316-1.7-m-48-hu.wav,549a46d8-9c84-430e-ade8-97eae2bef787-1430130702316-1.7-m-48-hu.wav,hungry,22050,7.0,154350,False
data/processed/audio_clean/hungry/D18A30C6-4370-4BE0-83F8-031892F96603-1432989796-1.1-f-04-hu.wav,D18A30C6-4370-4BE0-83F8-031892F96603-1432989796-1.1-f-04-hu.wav,hungry,22050,7.0,154350,False
data/processed/audio_clean/hungry/F3BAEDDA-CDC0-4A65-90EE-5C372CEE4F3B-1437012044-1.1-m-26-hu.wav,F3BAEDDA-CDC0-4A65-90EE-5C372CEE4F3B-1437012044-1.1-m-26-hu.wav,hungry,22050,7.0,154350,False
data/processed/audio_clean/hungry/C249BCDD-0F65-4D6A-82BE-43C4006E3DDB-1436891742-1.1-m-72-hu.wav,C249BCDD-0F65-4D6A-82BE-43C4006E3DDB-1436891742-1.1-m-72-hu.wav,hungry,22050,7.0,154350,False
data/processed/audio_clean/hungry/B2A105BB-347B-4878-A735-AA4ECF32CD16-1436864116-1.1-m-26-hu.wav,B2A105BB-347B-4878-A735-AA4ECF32CD16-1436864116-1.1-m-26-hu.wav,hungry,22050,7.0,154350,False
data/processed/audio_clean/hungry/F4A0C710-AC2D-42E0-8EA9-3E4CAC31EE20-1430318416-1.0-m-04-hu.wav,F4A0C710-AC2D-42E0-8EA9-3E4CAC31EE20-1430318416-1.0-m-04-hu.wav,hungry,22050,7.0,154350,False
data/processed/audio_clean/hungry/101c6709-39fb-44dc-b905-7cbeed5714a2-1434361963544-1.7-f-04-hu.wav,101c6709-39fb-44dc-b905-7cbeed5714a2-1434361963544-1.7-f-04-hu.wav,hungry,22050,7.0,154350,False
data/processed/audio_clean/hungry/7fd72d70-07c4-40a0-85e9-c91df9bdefb2-1430994916704-1.7-f-04-hu.wav,7fd72d70-07c4-40a0-85e9-c91df9bdefb2-1430994916704-1.7-f-04-hu.wav,hungry,22050,7.0,154350,False
data/processed/audio_clean/hungry/92d08bbe-553f-4844-85b1-15d572f06ea2-1436873211119-1.7-m-04-hu.wav,92d08bbe-553f-4844-85b1-15d572f06ea2-1436873211119-1.7-m-04-hu.wav,hungry,22050,7.0,154350,False
data/processed/audio_clean/hungry/539FDD32-6326-422E-A707-FCF063D3426C-1437073544-1.1-f-26-hu.wav,539FDD32-6326-422E-A707-FCF063D3426C-1437073544-1.1-f-26-hu.wav,hungry,22050,7.0,154350,False
data/processed/audio_clean/hungry/4cefc13c-e7c0-4b5a-bddb-c40c103e640a-1431583470764-1.7-f-26-hu.wav,4cefc13c-e7c0-4b5a-bddb-c40c103e640a-1431583470764-1.7-f-26-hu.wav,hungry,22050,7.0,154350,False
data/processed/audio_clean/hungry/9aa8bac5-eeb9-4f19-a4bf-7c439e87364b-1430745312460-1.7-m-04-hu.wav,9aa8bac5-eeb9-4f19-a4bf-7c439e87364b-1430745312460-1.7-m-04-hu.wav,hungry,22050,7.0,154350,False
data/processed/audio_clean/hungry/090C15A8-5406-4EA5-97A3-81F6527227C0-1430147525-1.0-m-72-hu.wav,090C15A8-5406-4EA5-97A3-81F6527227C0-1430147525-1.0-m-72-hu.wav,hungry,22050,7.0,154350,False
data/processed/audio_clean/hungry/D1CB71F9-EF76-49B3-A703-41D557444D21-1436863366-1.1-m-04-hu.wav,D1CB71F9-EF76-49B3-A703-41D557444D21-1436863366-1.1-m-04-hu.wav,hungry,22050,7.0,154350,False
data/processed/audio_clean/hungry/3DF341FA-E90B-4335-A51A-A9B0769150CE-1436859277-1.1-m-04-hu.wav,3DF341FA-E90B-4335-A51A-A9B0769150CE-1436859277-1.1-m-04-hu.wav,hungry,22050,7.0,154350,False
data/processed/audio_clean/hungry/218e6fd7-f9c5-4490-afd7-c4fba174e7d2-1430209174300-1.7-m-72-hu.wav,218e6fd7-f9c5-4490-afd7-c4fba174e7d2-1430209174300-1.7-m-72-hu.wav,hungry,22050,7.0,154350,False
data/processed/audio_clean/hungry/7A864194-4B6B-4850-ABBF-0C2A8170107B-1436846870-1.1-f-26-hu.wav,7A864194-4B6B-4850-ABBF-0C2A8170107B-1436846870-1.1-f-26-hu.wav,hungry,22050,7.0,154350,False
data/processed/audio_clean/hungry/090C15A8-5406-4EA5-97A3-81F6527227C0-1430147582-1.0-m-72-hu.wav,090C15A8-5406-4EA5-97A3-81F6527227C0-1430147582-1.0-m-72-hu.wav,hungry,22050,7.0,154350,False
data/processed/audio_clean/hungry/E2C4BCE0-99FD-49EC-8AB1-5EA5DF7DD8C5-1430042952-1.0-m-04-hu.wav,E2C4BCE0-99FD-49EC-8AB1-5EA5DF7DD8C5-1430042952-1.0-m-04-hu.wav,hungry,22050,7.0,154350,False
data/processed/audio_clean/hungry/69374818-7b73-48ac-8200-e6a225e293fb-1430746080630-1.7-m-04-hu.wav,69374818-7b73-48ac-8200-e6a225e293fb-1430746080630-1.7-m-04-hu.wav,hungry,22050,7.0,154350,False
data/processed/audio_clean/hungry/9CFD61B9-BF13-406D-8B2F-F73CFAAF25CB-1430927693-1.0-f-04-hu.wav,9CFD61B9-BF13-406D-8B2F-F73CFAAF25CB-1430927693-1.0-f-04-hu.wav,hungry,22050,7.0,154350,False
data/processed/audio_clean/hungry/D54D9C2A-56ED-4338-9D1F-2ADB4E081DAD-1430036283-1.0-m-48-hu.wav,D54D9C2A-56ED-4338-9D1F-2ADB4E081DAD-1430036283-1.0-m-48-hu.wav,hungry,22050,7.0,154350,False
data/processed/audio_clean/hungry/743E7CCA-D32B-40B6-9541-9808122D3F6B-1436860053-1.1-f-26-hu.wav,743E7CCA-D32B-40B6-9541-9808122D3F6B-1436860053-1.1-f-26-hu.wav,hungry,22050,7.0,154350,False
data/processed/audio_clean/hungry/F95D4BCE-2FB0-4A0C-A058-BFB0674539AF-1430055809-1.0-m-26-hu.wav,F95D4BCE-2FB0-4A0C-A058-BFB0674539AF-1430055809-1.0-m-26-hu.wav,hungry,22050,7.0,154350,False
data/processed/audio_clean/hungry/63CA92F7-973A-4DCA-A410-7B19811A2478-1430041884-1.0-f-26-hu.wav,63CA92F7-973A-4DCA-A410-7B19811A2478-1430041884-1.0-f-26-hu.wav,hungry,22050,7.0,154350,False
data/processed/audio_clean/hungry/24f2a4e1-7161-42a3-a2a2-a29a2422c0b8-1430814741368-1.7-f-26-hu.wav,24f2a4e1-7161-42a3-a2a2-a29a2422c0b8-1430814741368-1.7-f-26-hu.wav,hungry,22050,7.0,154350,False
data/processed/audio_clean/hungry/AA2CA7F6-4547-4CC0-AA4C-5D7B64727FB5-1437123487-1.1-f-26-hu.wav,AA2CA7F6-4547-4CC0-AA4C-5D7B64727FB5-1437123487-1.1-f-26-hu.wav,hungry,22050,7.0,154350,False
data/processed/audio_clean/hungry/2a0e6a88-b049-4f46-a3d6-d73ffae470d5-1430770161530-1.7-m-04-hu.wav,2a0e6a88-b049-4f46-a3d6-d73ffae470d5-1430770161530-1.7-m-04-hu.wav,hungry,22050,7.0,154350,False
data/processed/audio_clean/hungry/999bf14b-e417-4b44-b746-9253f81efe38-1431013068243-1.7-m-26-hu.wav,999bf14b-e417-4b44-b746-9253f81efe38-1431013068243-1.7-m-26-hu.wav,hungry,22050,7.0,154350,False
data/processed/audio_clean/hungry/719bb382-a592-46b7-82d2-8b4a625263b7-1430376267895-1.7-m-48-hu.wav,719bb382-a592-46b7-82d2-8b4a625263b7-1430376267895-1.7-m-48-hu.wav,hungry,22050,7.0,154350,False
data/processed/audio_clean/hungry/19aae3d1-51c6-4ffb-aeb8-efb6ae7ba83e-1436861395462-1.7-m-48-hu.wav,19aae3d1-51c6-4ffb-aeb8-efb6ae7ba83e-1436861395462-1.7-m-48-hu.wav,hungry,22050,7.0,154350,False
data/processed/audio_clean/hungry/8FDA58A7-FDC6-4421-855F-738E6E853E43-1429895751-1.0-m-26-hu.wav,8FDA58A7-FDC6-4421-855F-738E6E853E43-1429895751-1.0-m-26-hu.wav,hungry,22050,7.0,154350,False
data/processed/audio_clean/hungry/9CFD61B9-BF13-406D-8B2F-F73CFAAF25CB-1430927704-1.0-f-04-hu.wav,9CFD61B9-BF13-406D-8B2F-F73CFAAF25CB-1430927704-1.0-f-04-hu.wav,hungry,22050,7.0,154350,False
data/processed/audio_clean/hungry/045C5483-69E1-4BEC-B1D8-9286D174B9B2-1430102996-1.0-m-04-hu.wav,045C5483-69E1-4BEC-B1D8-9286D174B9B2-1430102996-1.0-m-04-hu.wav,hungry,22050,7.0,154350,False
data/processed/audio_clean/hungry/a7b13b65-da2c-48ec-8aed-46adcaba705f-1430823489236-1.7-f-26-hu.wav,a7b13b65-da2c-48ec-8aed-46adcaba705f-1430823489236-1.7-f-26-hu.wav,hungry,22050,7.0,154350,False
data/processed/audio_clean/hungry/3c51dedc-6e4c-47dd-a179-86a25e95f1ef-1430651019625-1.7-m-04-hu.wav,3c51dedc-6e4c-47dd-a179-86a25e95f1ef-1430651019625-1.7-m-04-hu.wav,hungry,22050,7.0,154350,False
data/processed/audio_clean/hungry/24f2a4e1-7161-42a3-a2a2-a29a2422c0b8-1430814730789-1.7-f-26-hu.wav,24f2a4e1-7161-42a3-a2a2-a29a2422c0b8-1430814730789-1.7-f-26-hu.wav,hungry,22050,7.0,154350,False
data/processed/audio_clean/hungry/177dc72e-d0f8-47ef-a5a7-3b46878e11a0-1430736549614-1.7-f-26-hu.wav,177dc72e-d0f8-47ef-a5a7-3b46878e11a0-1430736549614-1.7-f-26-hu.wav,hungry,22050,7.0,154350,False
data/processed/audio_clean/hungry/7060a4f6-4c0c-494b-912c-ae60158b185a-1436931995150-1.7-f-04-hu.wav,7060a4f6-4c0c-494b-912c-ae60158b185a-1436931995150-1.7-f-04-hu.wav,hungry,22050,7.0,154350,False
data/processed/audio_clean/hungry/40a4c760-facf-4911-b0a6-22eccc3ab18d-1430477726097-1.7-f-26-hu.wav,40a4c760-facf-4911-b0a6-22eccc3ab18d-1430477726097-1.7-f-26-hu.wav,hungry,22050,7.0,154350,False
data/processed/audio_clean/hungry/4be720ce-a5e5-4a48-930f-a212f8a239f6-1434737668804-1.7-f-48-hu.wav,4be720ce-a5e5-4a48-930f-a212f8a239f6-1434737668804-1.7-f-48-hu.wav,hungry,22050,7.0,154350,False
data/processed/audio_clean/hungry/743E7CCA-D32B-40B6-9541-9808122D3F6B-1436860161-1.1-f-26-hu.wav,743E7CCA-D32B-40B6-9541-9808122D3F6B-1436860161-1.1-f-26-hu.wav,hungry,22050,7.0,154350,False
data/processed/audio_clean/hungry/aaa57dbd-7b88-454a-963e-6faa2f4ed4e7-1436982075169-1.7-f-04-hu.wav,aaa57dbd-7b88-454a-963e-6faa2f4ed4e7-1436982075169-1.7-f-04-hu.wav,hungry,22050,7.0,154350,False
data/processed/audio_clean/hungry/7B924575-21FC-462A-969E-BABB46D1CBF5-1430055243-1.0-f-72-hu.wav,7B924575-21FC-462A-969E-BABB46D1CBF5-1430055243-1.0-f-72-hu.wav,hungry,22050,7.0,154350,False
data/processed/audio_clean/hungry/FAE74A94-9968-43ED-958C-50D7C4C1F13C-1430770858-1.0-f-22-hu.wav,FAE74A94-9968-43ED-958C-50D7C4C1F13C-1430770858-1.0-f-22-hu.wav,hungry,22050,7.0,154350,False
data/processed/audio_clean/hungry/7E4B9C14-F955-4BED-9B03-7F3096A6CBFF-1430232166-1.0-f-26-hu.wav,7E4B9C14-F955-4BED-9B03-7F3096A6CBFF-1430232166-1.0-f-26-hu.wav,hungry,22050,7.0,154350,False
data/processed/audio_clean/hungry/F3BAEDDA-CDC0-4A65-90EE-5C372CEE4F3B-1437012076-1.1-f-26-hu.wav,F3BAEDDA-CDC0-4A65-90EE-5C372CEE4F3B-1437012076-1.1-f-26-hu.wav,hungry,22050,7.0,154350,False
data/processed/audio_clean/hungry/3bb2445a-9ae9-4dc8-9a2e-86c696ffa405-1430122381138-1.7-m-26-hu.wav,3bb2445a-9ae9-4dc8-9a2e-86c696ffa405-1430122381138-1.7-m-26-hu.wav,hungry,22050,7.0,154350,False
data/processed/audio_clean/hungry/EC2E1160-BC33-450A-A62D-DE2A4C0D42BB-1430039051-1.0-f-48-hu.wav,EC2E1160-BC33-450A-A62D-DE2A4C0D42BB-1430039051-1.0-f-48-hu.wav,hungry,22050,7.0,154350,False
data/processed/audio_clean/hungry/8f4dbf5a-b504-4452-b6ac-94e646a6a052-1430735028906-1.7-f-72-hu.wav,8f4dbf5a-b504-4452-b6ac-94e646a6a052-1430735028906-1.7-f-72-hu.wav,hungry,22050,7.0,154350,False
data/processed/audio_clean/hungry/5728DDD6-149B-412F-A14B-C29B9B5E415F-1432635069-1.0-m-26-hu.wav,5728DDD6-149B-412F-A14B-C29B9B5E415F-1432635069-1.0-m-26-hu.wav,hungry,22050,7.0,154350,False
data/processed/audio_clean/hungry/31e785de-b0c9-464f-88e2-bd8f1dd5cda4-1433403682898-1.7-m-04-hu.wav,31e785de-b0c9-464f-88e2-bd8f1dd5cda4-1433403682898-1.7-m-04-hu.wav,hungry,22050,7.0,154350,False
data/processed/audio_clean/hungry/89964233-cbdb-4f34-a819-5f4b5ce3f5f5-1430049868816-1.7-f-04-hu.wav,89964233-cbdb-4f34-a819-5f4b5ce3f5f5-1430049868816-1.7-f-04-hu.wav,hungry,22050,7.0,154350,False
data/processed/audio_clean/hungry/10A40438-09AA-4A21-83B4-8119F03F7A11-1430848101-1.0-f-26-hu.wav,10A40438-09AA-4A21-83B4-8119F03F7A11-1430848101-1.0-f-26-hu.wav,hungry,22050,7.0,154350,False
data/processed/audio_clean/hungry/3BF71DAF-2A9E-4355-89D3-41AC37E94083-1437281306-1.1-f-26-hu.wav,3BF71DAF-2A9E-4355-89D3-41AC37E94083-1437281306-1.1-f-26-hu.wav,hungry,22050,7.0,154350,False
data/processed/audio_clean/hungry/3030d0e9-0c9b-4616-9b83-f10dc2dedbfd-1430053447333-1.7-m-26-hu.wav,3030d0e9-0c9b-4616-9b83-f10dc2dedbfd-1430053447333-1.7-m-26-hu.wav,hungry,22050,7.0,154350,False
data/processed/audio_clean/hungry/1abb2260-a652-4ba7-bd98-7d463312730f-1430041727150-1.7-m-04-hu.wav,1abb2260-a652-4ba7-bd98-7d463312730f-1430041727150-1.7-m-04-hu.wav,hungry,22050,7.0,154350,False
data/processed/audio_clean/hungry/7b23d26e-6f97-4e8b-b520-a9fdde21ee91-1432275312750-1.7-m-48-hu.wav,7b23d26e-6f97-4e8b-b520-a9fdde21ee91-1432275312750-1.7-m-48-hu.wav,hungry,22050,7.0,154350,False
data/processed/audio_clean/hungry/3030d0e9-0c9b-4616-9b83-f10dc2dedbfd-1430053456045-1.7-m-26-hu.wav,3030d0e9-0c9b-4616-9b83-f10dc2dedbfd-1430053456045-1.7-m-26-hu.wav,hungry,22050,7.0,154350,False
data/processed/audio_clean/hungry/3941D08C-5A97-48A4-8830-091D878137F6-1430099813-1.0-m-72-hu.wav,3941D08C-5A97-48A4-8830-091D878137F6-1430099813-1.0-m-72-hu.wav,hungry,22050,7.0,154350,False
data/processed/audio_clean/hungry/7b0e160e-0505-459e-8ecb-304d7afae9d2-1437486941311-1.7-m-04-hu.wav,7b0e160e-0505-459e-8ecb-304d7afae9d2-1437486941311-1.7-m-04-hu.wav,hungry,22050,7.0,154350,False
data/processed/audio_clean/hungry/818A32F4-D5D8-426C-B88C-81A8154AC81A-1430093571-1.0-m-26-hu.wav,818A32F4-D5D8-426C-B88C-81A8154AC81A-1430093571-1.0-m-26-hu.wav,hungry,22050,7.0,154350,False
data/processed/audio_clean/hungry/22b43570-d440-475b-b2f1-e528c81081f7-1430663490095-1.7-m-04-hu.wav,22b43570-d440-475b-b2f1-e528c81081f7-1430663490095-1.7-m-04-hu.wav,hungry,22050,7.0,154350,False
data/processed/audio_clean/hungry/40a4c760-facf-4911-b0a6-22eccc3ab18d-1430466164038-1.7-f-26-hu.wav,40a4c760-facf-4911-b0a6-22eccc3ab18d-1430466164038-1.7-f-26-hu.wav,hungry,22050,7.0,154350,False
data/processed/audio_clean/hungry/a40b9b8d-e4bc-457a-badf-f38bdbc0c358-1430016779981-1.7-m-26-hu.wav,a40b9b8d-e4bc-457a-badf-f38bdbc0c358-1430016779981-1.7-m-26-hu.wav,hungry,22050,7.0,154350,False
data/processed/audio_clean/hungry/2e25d0a5-0b2b-44ef-8491-e445b16ea75c-1430056332640-1.7-f-26-hu.wav,2e25d0a5-0b2b-44ef-8491-e445b16ea75c-1430056332640-1.7-f-26-hu.wav,hungry,22050,7.0,154350,False
data/processed/audio_clean/hungry/7d1c2cd2-6fa1-499f-8ca8-a298198be4e7-1436850081753-1.7-m-04-hu.wav,7d1c2cd2-6fa1-499f-8ca8-a298198be4e7-1436850081753-1.7-m-04-hu.wav,hungry,22050,7.0,154350,False
data/processed/audio_clean/hungry/FF2CD2F6-404D-4626-8718-6E6C751F63B8-1431104346-1.0-m-04-hu.wav,FF2CD2F6-404D-4626-8718-6E6C751F63B8-1431104346-1.0-m-04-hu.wav,hungry,22050,7.0,154350,False
data/processed/audio_clean/hungry/7616E8F4-B1A7-45A6-9A0C-C9BB2DE64FC3-1436868751-1.1-m-72-hu.wav,7616E8F4-B1A7-45A6-9A0C-C9BB2DE64FC3-1436868751-1.1-m-72-hu.wav,hungry,22050,7.0,154350,False
data/processed/audio_clean/hungry/9fe37482-6a64-401d-b8b9-3e47d6ed9ac0-1430047362195-1.7-f-26-hu.wav,9fe37482-6a64-401d-b8b9-3e47d6ed9ac0-1430047362195-1.7-f-26-hu.wav,hungry,22050,7.0,154350,False
data/processed/audio_clean/hungry/9090c7a3-bebc-4485-aafc-64e4298da3ac-1430109146143-1.7-f-26-hu.wav,9090c7a3-bebc-4485-aafc-64e4298da3ac-1430109146143-1.7-f-26-hu.wav,hungry,22050,7.0,154350,False
data/processed/audio_clean/hungry/2439388A-9CF2-4D3B-9534-E6951FC9EAD4-1436877944-1.1-m-26-hu.wav,2439388A-9CF2-4D3B-9534-E6951FC9EAD4-1436877944-1.1-m-26-hu.wav,hungry,22050,7.0,154350,False
data/processed/audio_clean/hungry/5728DDD6-149B-412F-A14B-C29B9B5E415F-1432635035-1.0-m-26-hu.wav,5728DDD6-149B-412F-A14B-C29B9B5E415F-1432635035-1.0-m-26-hu.wav,hungry,22050,7.0,154350,False
data/processed/audio_clean/hungry/F95D4BCE-2FB0-4A0C-A058-BFB0674539AF-1430055950-1.0-m-26-hu.wav,F95D4BCE-2FB0-4A0C-A058-BFB0674539AF-1430055950-1.0-m-26-hu.wav,hungry,22050,7.0,154350,False
data/processed/audio_clean/hungry/C249BCDD-0F65-4D6A-82BE-43C4006E3DDB-1436891733-1.1-m-72-hu.wav,C249BCDD-0F65-4D6A-82BE-43C4006E3DDB-1436891733-1.1-m-72-hu.wav,hungry,22050,7.0,154350,False
data/processed/audio_clean/hungry/DCB33551-F9BA-4B4A-8DA1-A3107E1AD859-1430406483-1.0-m-04-hu.wav,DCB33551-F9BA-4B4A-8DA1-A3107E1AD859-1430406483-1.0-m-04-hu.wav,hungry,22050,7.0,154350,False
data/processed/audio_clean/hungry/40a4c760-facf-4911-b0a6-22eccc3ab18d-1430477691332-1.7-f-26-hu.wav,40a4c760-facf-4911-b0a6-22eccc3ab18d-1430477691332-1.7-f-26-hu.wav,hungry,22050,7.0,154350,False
data/processed/audio_clean/hungry/3030d0e9-0c9b-4616-9b83-f10dc2dedbfd-1430326171876-1.7-m-26-hu.wav,3030d0e9-0c9b-4616-9b83-f10dc2dedbfd-1430326171876-1.7-m-26-hu.wav,hungry,22050,7.0,154350,False
data/processed/audio_clean/hungry/B400D2D0-9FCE-472E-A152-1FF349B9B407-1436845915-1.1-m-04-hu.wav,B400D2D0-9FCE-472E-A152-1FF349B9B407-1436845915-1.1-m-04-hu.wav,hungry,22050,7.0,154350,False
data/processed/audio_clean/hungry/9fe37482-6a64-401d-b8b9-3e47d6ed9ac0-1430047373513-1.7-f-26-hu.wav,9fe37482-6a64-401d-b8b9-3e47d6ed9ac0-1430047373513-1.7-f-26-hu.wav,hungry,22050,7.0,154350,False
data/processed/audio_clean/hungry/3bb2445a-9ae9-4dc8-9a2e-86c696ffa405-1430124221551-1.7-m-26-hu.wav,3bb2445a-9ae9-4dc8-9a2e-86c696ffa405-1430124221551-1.7-m-26-hu.wav,hungry,22050,7.0,154350,False
data/processed/audio_clean/hungry/3bb2445a-9ae9-4dc8-9a2e-86c696ffa405-1430146536552-1.7-m-26-hu.wav,3bb2445a-9ae9-4dc8-9a2e-86c696ffa405-1430146536552-1.7-m-26-hu.wav,hungry,22050,7.0,154350,False
data/processed/audio_clean/hungry/5f0a1ed4-ee2c-493c-bc00-6b56aad78a72-1430933240505-1.7-m-72-hu.wav,5f0a1ed4-ee2c-493c-bc00-6b56aad78a72-1430933240505-1.7-m-72-hu.wav,hungry,22050,7.0,154350,False
data/processed/audio_clean/hungry/459c3f85-5710-4efa-bcc9-8012aa1af55e-1430034880215-1.7-f-48-hu.wav,459c3f85-5710-4efa-bcc9-8012aa1af55e-1430034880215-1.7-f-48-hu.wav,hungry,22050,7.0,154350,False
data/processed/audio_clean/hungry/86c2b87a-ae7c-46a3-b6fb-7ebe748812cf-1430036593222-1.7-f-26-hu.wav,86c2b87a-ae7c-46a3-b6fb-7ebe748812cf-1430036593222-1.7-f-26-hu.wav,hungry,22050,7.0,154350,False
data/processed/audio_clean/hungry/3bb2445a-9ae9-4dc8-9a2e-86c696ffa405-1430142784308-1.7-m-26-hu.wav,3bb2445a-9ae9-4dc8-9a2e-86c696ffa405-1430142784308-1.7-m-26-hu.wav,hungry,22050,7.0,154350,False
data/processed/audio_clean/hungry/FF2CD2F6-404D-4626-8718-6E6C751F63B8-1431104360-1.0-m-04-hu.wav,FF2CD2F6-404D-4626-8718-6E6C751F63B8-1431104360-1.0-m-04-hu.wav,hungry,22050,7.0,154350,False
data/processed/audio_clean/hungry/8FDA58A7-FDC6-4421-855F-738E6E853E43-1429895742-1.0-m-26-hu.wav,8FDA58A7-FDC6-4421-855F-738E6E853E43-1429895742-1.0-m-26-hu.wav,hungry,22050,7.0,154350,False
data/processed/audio_clean/hungry/21c07aff-0a8d-4e74-ad5e-e3c7f7bcb11b-1430031235662-1.7-m-04-hu.wav,21c07aff-0a8d-4e74-ad5e-e3c7f7bcb11b-1430031235662-1.7-m-04-hu.wav,hungry,22050,7.0,154350,False
data/processed/audio_clean/hungry/36f1b3ec-3d2a-470e-af6f-0a8cc11b2723-1430237012976-1.7-m-04-hu.wav,36f1b3ec-3d2a-470e-af6f-0a8cc11b2723-1430237012976-1.7-m-04-hu.wav,hungry,22050,7.0,154350,False
data/processed/audio_clean/hungry/42ec6f14-6ba6-457f-8a80-101ee201195c-1431345009828-1.7-m-22-hu.wav,42ec6f14-6ba6-457f-8a80-101ee201195c-1431345009828-1.7-m-22-hu.wav,hungry,22050,7.0,154350,False
data/processed/audio_clean/hungry/2EE636FB-BD76-4118-A0EF-82FAFC32301F-1436586600-1.1-f-04-hu.wav,2EE636FB-BD76-4118-A0EF-82FAFC32301F-1436586600-1.1-f-04-hu.wav,hungry,22050,7.0,154350,False
data/processed/audio_clean/hungry/20E2B5A0-40A4-4FD8-8935-AFD1DB833510-1430127670-1.0-m-26-hu.wav,20E2B5A0-40A4-4FD8-8935-AFD1DB833510-1430127670-1.0-m-26-hu.wav,hungry,22050,7.0,154350,False
data/processed/audio_clean/hungry/aaa57dbd-7b88-454a-963e-6faa2f4ed4e7-1436910225455-1.7-f-04-hu.wav,aaa57dbd-7b88-454a-963e-6faa2f4ed4e7-1436910225455-1.7-f-04-hu.wav,hungry,22050,7.0,154350,False
data/processed/audio_clean/hungry/8c2a1f03-07f4-4aee-a73f-bc57beb2b600-1430761324670-1.7-f-26-hu.wav,8c2a1f03-07f4-4aee-a73f-bc57beb2b600-1430761324670-1.7-f-26-hu.wav,hungry,22050,7.0,154350,False
data/processed/audio_clean/hungry/D54D9C2A-56ED-4338-9D1F-2ADB4E081DAD-1430036301-1.0-m-48-hu.wav,D54D9C2A-56ED-4338-9D1F-2ADB4E081DAD-1430036301-1.0-m-48-hu.wav,hungry,22050,7.0,154350,False
data/processed/audio_clean/hungry/177dc72e-d0f8-47ef-a5a7-3b46878e11a0-1430736533767-1.7-f-26-hu.wav,177dc72e-d0f8-47ef-a5a7-3b46878e11a0-1430736533767-1.7-f-26-hu.wav,hungry,22050,7.0,154350,False
data/processed/audio_clean/hungry/03abcb8f-400a-47d8-ad82-7e4586cc06be-1431864192133-1.7-f-48-hu.wav,03abcb8f-400a-47d8-ad82-7e4586cc06be-1431864192133-1.7-f-48-hu.wav,hungry,22050,7.0,154350,False
data/processed/audio_clean/hungry/5C2F730C-9721-40B7-A2D8-C257DB518978-1429966327-1.0-m-04-hu.wav,5C2F730C-9721-40B7-A2D8-C257DB518978-1429966327-1.0-m-04-hu.wav,hungry,22050,7.0,154350,False
data/processed/audio_clean/hungry/30c2cee4-b682-4dcb-86b9-7fa6f36f1b66-1430728411287-1.7-f-72-hu.wav,30c2cee4-b682-4dcb-86b9-7fa6f36f1b66-1430728411287-1.7-f-72-hu.wav,hungry,22050,7.0,154350,False
data/processed/audio_clean/hungry/719bb382-a592-46b7-82d2-8b4a625263b7-1430376562788-1.7-m-48-hu.wav,719bb382-a592-46b7-82d2-8b4a625263b7-1430376562788-1.7-m-48-hu.wav,hungry,22050,7.0,154350,False
data/processed/audio_clean/hungry/4CD5903D-E2CE-401E-B898-D873C763F44B-1430727644-1.0-m-26-hu.wav,4CD5903D-E2CE-401E-B898-D873C763F44B-1430727644-1.0-m-26-hu.wav,hungry,22050,7.0,154350,False
data/processed/audio_clean/hungry/B327333E-2DE2-4833-A75A-4C576208BED3-1430087456-1.0-f-48-hu.wav,B327333E-2DE2-4833-A75A-4C576208BED3-1430087456-1.0-f-48-hu.wav,hungry,22050,7.0,154350,False
data/processed/audio_clean/hungry/7CF37029-1040-40B8-ACC9-7E6E5C03AF9B-1429808939-1.0-m-72-hu.wav,7CF37029-1040-40B8-ACC9-7E6E5C03AF9B-1429808939-1.0-m-72-hu.wav,hungry,22050,7.0,154350,False
data/processed/audio_clean/hungry/40a4c760-facf-4911-b0a6-22eccc3ab18d-1430466176951-1.7-f-26-hu.wav,40a4c760-facf-4911-b0a6-22eccc3ab18d-1430466176951-1.7-f-26-hu.wav,hungry,22050,7.0,154350,False
data/processed/audio_clean/hungry/8c920fd0-fa9f-4926-bcac-074767dcbfcd-1436850948195-1.7-m-04-hu.wav,8c920fd0-fa9f-4926-bcac-074767dcbfcd-1436850948195-1.7-m-04-hu.wav,hungry,22050,7.0,154350,False
data/processed/audio_clean/hungry/52dfc27a-fbc4-4d9f-bbcf-6406c919324a-1430041657947-1.7-m-26-hu.wav,52dfc27a-fbc4-4d9f-bbcf-6406c919324a-1430041657947-1.7-m-26-hu.wav,hungry,22050,7.0,154350,False
data/processed/audio_clean/hungry/FF2CD2F6-404D-4626-8718-6E6C751F63B8-1431104396-1.0-m-04-hu.wav,FF2CD2F6-404D-4626-8718-6E6C751F63B8-1431104396-1.0-m-04-hu.wav,hungry,22050,7.0,154350,False
data/processed/audio_clean/hungry/FAE74A94-9968-43ED-958C-50D7C4C1F13C-1430770871-1.0-f-22-hu.wav,FAE74A94-9968-43ED-958C-50D7C4C1F13C-1430770871-1.0-f-22-hu.wav,hungry,22050,7.0,154350,False
data/processed/audio_clean/hungry/0F4B1065-4012-47C8-88B7-ACE11B1A536E-1430038775-1.0-m-04-hu.wav,0F4B1065-4012-47C8-88B7-ACE11B1A536E-1430038775-1.0-m-04-hu.wav,hungry,22050,7.0,154350,False
data/processed/audio_clean/hungry/D833237F-1F7C-4338-BEDE-84C0CF5F4145-1430084007-1.0-f-26-hu.wav,D833237F-1F7C-4338-BEDE-84C0CF5F4145-1430084007-1.0-f-26-hu.wav,hungry,22050,7.0,154350,False
data/processed/audio_clean/hungry/3941D08C-5A97-48A4-8830-091D878137F6-1430099826-1.0-m-72-hu.wav,3941D08C-5A97-48A4-8830-091D878137F6-1430099826-1.0-m-72-hu.wav,hungry,22050,7.0,154350,False
data/processed/audio_clean/hungry/549a46d8-9c84-430e-ade8-97eae2bef787-1430130714659-1.7-m-48-hu.wav,549a46d8-9c84-430e-ade8-97eae2bef787-1430130714659-1.7-m-48-hu.wav,hungry,22050,7.0,154350,False
data/processed/audio_clean/hungry/A123AD65-38D3-4A65-AB37-330034765840-1430093687-1.0-m-04-hu.wav,A123AD65-38D3-4A65-AB37-330034765840-1430093687-1.0-m-04-hu.wav,hungry,22050,7.0,154350,False
data/processed/audio_clean/hungry/990DE219-FCD1-4634-91CE-19AB93E5D2B0-1430214575-1.0-m-04-hu.wav,990DE219-FCD1-4634-91CE-19AB93E5D2B0-1430214575-1.0-m-04-hu.wav,hungry,22050,7.0,154350,False
data/processed/audio_clean/hungry/2562ad82-485a-44c2-ad25-f70fce71480b-1430045593479-1.7-m-72-hu.wav,2562ad82-485a-44c2-ad25-f70fce71480b-1430045593479-1.7-m-72-hu.wav,hungry,22050,7.0,154350,False
data/processed/audio_clean/hungry/5b49f19f-a3a7-411e-bb32-755da3cbd6f0-1430029991480-1.7-m-48-hu.wav,5b49f19f-a3a7-411e-bb32-755da3cbd6f0-1430029991480-1.7-m-48-hu.wav,hungry,22050,7.0,154350,False
data/processed/audio_clean/hungry/35D58153-7AB7-443D-BED0-2D7ABF73743F-1431855847-1.1-m-04-hu.wav,35D58153-7AB7-443D-BED0-2D7ABF73743F-1431855847-1.1-m-04-hu.wav,hungry,22050,7.0,154350,False
data/processed/audio_clean/hungry/39180491-e076-4300-b5de-24e812dca6fe-1435708371348-1.7-f-04-hu.wav,39180491-e076-4300-b5de-24e812dca6fe-1435708371348-1.7-f-04-hu.wav,hungry,22050,7.0,154350,False
data/processed/audio_clean/hungry/B327333E-2DE2-4833-A75A-4C576208BED3-1430087443-1.0-f-48-hu.wav,B327333E-2DE2-4833-A75A-4C576208BED3-1430087443-1.0-f-48-hu.wav,hungry,22050,7.0,154350,False
data/processed/audio_clean/hungry/218e6fd7-f9c5-4490-afd7-c4fba174e7d2-1430209252819-1.7-m-72-hu.wav,218e6fd7-f9c5-4490-afd7-c4fba174e7d2-1430209252819-1.7-m-72-hu.wav,hungry,22050,7.0,154350,False
data/processed/audio_clean/hungry/549a46d8-9c84-430e-ade8-97eae2bef787-1430130760929-1.7-m-48-hu.wav,549a46d8-9c84-430e-ade8-97eae2bef787-1430130760929-1.7-m-48-hu.wav,hungry,22050,7.0,154350,False
data/processed/audio_clean/hungry/8f5c01dc-6826-4076-a831-027ad61afdaf-1435873509176-1.7-f-26-hu.wav,8f5c01dc-6826-4076-a831-027ad61afdaf-1435873509176-1.7-f-26-hu.wav,hungry,22050,7.0,154350,False
data/processed/audio_clean/hungry/A123AD65-38D3-4A65-AB37-330034765840-1430093710-1.0-m-04-hu.wav,A123AD65-38D3-4A65-AB37-330034765840-1430093710-1.0-m-04-hu.wav,hungry,22050,7.0,154350,False
data/processed/audio_clean/hungry/24f94b49-c8bc-4ed2-b43a-80b099f12936-1430534715095-1.7-m-04-hu.wav,24f94b49-c8bc-4ed2-b43a-80b099f12936-1430534715095-1.7-m-04-hu.wav,hungry,22050,7.0,154350,False
data/processed/audio_clean/hungry/40a4c760-facf-4911-b0a6-22eccc3ab18d-1430466393384-1.7-f-26-hu.wav,40a4c760-facf-4911-b0a6-22eccc3ab18d-1430466393384-1.7-f-26-hu.wav,hungry,22050,7.0,154350,False
data/processed/audio_clean/hungry/F950E7E3-A1A5-4A01-99F4-9B155C3C6606-1430305696-1.0-m-72-hu.wav,F950E7E3-A1A5-4A01-99F4-9B155C3C6606-1430305696-1.0-m-72-hu.wav,hungry,22050,7.0,154350,False
data/processed/audio_clean/hungry/7b23d26e-6f97-4e8b-b520-a9fdde21ee91-1432261716253-1.7-m-48-hu.wav,7b23d26e-6f97-4e8b-b520-a9fdde21ee91-1432261716253-1.7-m-48-hu.wav,hungry,22050,7.0,154350,False
data/processed/audio_clean/hungry/10A40438-09AA-4A21-83B4-8119F03F7A11-1430848070-1.0-f-26-hu.wav,10A40438-09AA-4A21-83B4-8119F03F7A11-1430848070-1.0-f-26-hu.wav,hungry,22050,7.0,154350,False
data/processed/audio_clean/hungry/70d30513-0ec3-49e4-9976-e85785e85c2d-1431033372810-1.7-m-04-hu.wav,70d30513-0ec3-49e4-9976-e85785e85c2d-1431033372810-1.7-m-04-hu.wav,hungry,22050,7.0,154350,False
data/processed/audio_clean/hungry/92d08bbe-553f-4844-85b1-15d572f06ea2-1436873183951-1.7-m-04-hu.wav,92d08bbe-553f-4844-85b1-15d572f06ea2-1436873183951-1.7-m-04-hu.wav,hungry,22050,7.0,154350,False
data/processed/audio_clean/hungry/80f5ab0a-16c1-4738-9209-fbdae52ff769-1430140636917-1.7-f-04-hu.wav,80f5ab0a-16c1-4738-9209-fbdae52ff769-1430140636917-1.7-f-04-hu.wav,hungry,22050,7.0,154350,False
data/processed/audio_clean/hungry/F24DE44B-762C-4149-AC92-96A5E57ED118-1430816918-1.0-m-04-hu.wav,F24DE44B-762C-4149-AC92-96A5E57ED118-1430816918-1.0-m-04-hu.wav,hungry,22050,7.0,154350,False
data/processed/audio_clean/hungry/9641D2D5-7D9F-41B2-8345-229AE9555FEC-1430022546-1.0-m-72-hu.wav,9641D2D5-7D9F-41B2-8345-229AE9555FEC-1430022546-1.0-m-72-hu.wav,hungry,22050,7.0,154350,False
data/processed/audio_clean/hungry/0D1AD73E-4C5E-45F3-85C4-9A3CB71E8856-1430742197-1.0-m-04-hu.wav,0D1AD73E-4C5E-45F3-85C4-9A3CB71E8856-1430742197-1.0-m-04-hu.wav,hungry,22050,7.0,154350,False
data/processed/audio_clean/hungry/8b1faa77-e3ac-48af-bf2a-58aadebefcba-1436798541805-1.7-m-04-hu.wav,8b1faa77-e3ac-48af-bf2a-58aadebefcba-1436798541805-1.7-m-04-hu.wav,hungry,22050,7.0,154350,False
data/processed/audio_clean/hungry/789d2553-cbf2-4911-91e4-fb228d231238-1430818517787-1.7-m-26-hu.wav,789d2553-cbf2-4911-91e4-fb228d231238-1430818517787-1.7-m-26-hu.wav,hungry,22050,7.0,154350,False
data/processed/audio_clean/hungry/6639C63C-F634-489C-91B3-E3DB5930EFD5-1431370278-1.1-m-04-hu.wav,6639C63C-F634-489C-91B3-E3DB5930EFD5-1431370278-1.1-m-04-hu.wav,hungry,22050,7.0,154350,False
data/processed/audio_clean/hungry/2F1C0515-EC8E-44C1-ABEA-E04EB475543A-1432143888-1.1-m-22-hu.wav,2F1C0515-EC8E-44C1-ABEA-E04EB475543A-1432143888-1.1-m-22-hu.wav,hungry,22050,7.0,154350,False
data/processed/audio_clean/hungry/5728DDD6-149B-412F-A14B-C29B9B5E415F-1432635047-1.0-m-26-hu.wav,5728DDD6-149B-412F-A14B-C29B9B5E415F-1432635047-1.0-m-26-hu.wav,hungry,22050,7.0,154350,False
data/processed/audio_clean/hungry/DB95BF4A-E3E5-4429-A660-DBBCF486E6DF-1430664633-1.0-f-72-hu.wav,DB95BF4A-E3E5-4429-A660-DBBCF486E6DF-1430664633-1.0-f-72-hu.wav,hungry,22050,7.0,154350,False
data/processed/audio_clean/hungry/ad7fd28b-3e85-4e9b-9e18-af4bda64c60f-1430756389867-1.7-m-72-hu.wav,ad7fd28b-3e85-4e9b-9e18-af4bda64c60f-1430756389867-1.7-m-72-hu.wav,hungry,22050,7.0,154350,False
data/processed/audio_clean/hungry/653bf718-94bd-40d0-af7c-8fe44e07640c-1430759231913-1.7-m-04-hu.wav,653bf718-94bd-40d0-af7c-8fe44e07640c-1430759231913-1.7-m-04-hu.wav,hungry,22050,7.0,154350,False
data/processed/audio_clean/hungry/21c07aff-0a8d-4e74-ad5e-e3c7f7bcb11b-1430105653796-1.7-m-04-hu.wav,21c07aff-0a8d-4e74-ad5e-e3c7f7bcb11b-1430105653796-1.7-m-04-hu.wav,hungry,22050,7.0,154350,False
data/processed/audio_clean/hungry/3bb2445a-9ae9-4dc8-9a2e-86c696ffa405-1430123758633-1.7-m-26-hu.wav,3bb2445a-9ae9-4dc8-9a2e-86c696ffa405-1430123758633-1.7-m-26-hu.wav,hungry,22050,7.0,154350,False
data/processed/audio_clean/hungry/035c6b30-a145-42b9-8d0f-445cd9003d2c-1435948197257-1.7-m-04-hu.wav,035c6b30-a145-42b9-8d0f-445cd9003d2c-1435948197257-1.7-m-04-hu.wav,hungry,22050,7.0,154350,False
data/processed/audio_clean/hungry/6d922623-8424-4625-be4c-4964e0c9e25c-1434898452774-1.7-m-04-hu.wav,6d922623-8424-4625-be4c-4964e0c9e25c-1434898452774-1.7-m-04-hu.wav,hungry,22050,7.0,154350,False
data/processed/audio_clean/hungry/40a4c760-facf-4911-b0a6-22eccc3ab18d-1430477780076-1.7-f-26-hu.wav,40a4c760-facf-4911-b0a6-22eccc3ab18d-1430477780076-1.7-f-26-hu.wav,hungry,22050,7.0,154350,False
data/processed/audio_clean/hungry/8c920fd0-fa9f-4926-bcac-074767dcbfcd-1436856382717-1.7-m-04-hu.wav,8c920fd0-fa9f-4926-bcac-074767dcbfcd-1436856382717-1.7-m-04-hu.wav,hungry,22050,7.0,154350,False
data/processed/audio_clean/hungry/9090c7a3-bebc-4485-aafc-64e4298da3ac-1430088396663-1.7-f-26-hu.wav,9090c7a3-bebc-4485-aafc-64e4298da3ac-1430088396663-1.7-f-26-hu.wav,hungry,22050,7.0,154350,False
data/processed/audio_clean/hungry/64acb345-a61e-4ef3-a5a6-cf83c04b83f1-1430045478300-1.7-m-72-hu.wav,64acb345-a61e-4ef3-a5a6-cf83c04b83f1-1430045478300-1.7-m-72-hu.wav,hungry,22050,7.0,154350,False
data/processed/audio_clean/hungry/F2F97740-D638-4B6F-9E09-3AC65F06B448-1436849313-1.1-f-48-hu.wav,F2F97740-D638-4B6F-9E09-3AC65F06B448-1436849313-1.1-f-48-hu.wav,hungry,22050,7.0,154350,False
data/processed/audio_clean/hungry/743E7CCA-D32B-40B6-9541-9808122D3F6B-1436860028-1.1-f-26-hu.wav,743E7CCA-D32B-40B6-9541-9808122D3F6B-1436860028-1.1-f-26-hu.wav,hungry,22050,7.0,154350,False
data/processed/audio_clean/hungry/415d69b4-6d84-4bf8-97b0-10f8f108dc1d-1430739528719-1.7-m-04-hu.wav,415d69b4-6d84-4bf8-97b0-10f8f108dc1d-1430739528719-1.7-m-04-hu.wav,hungry,22050,7.0,154350,False
data/processed/audio_clean/hungry/0c8f14a9-6999-485b-97a2-913c1cbf099c-1430760379259-1.7-m-26-hu.wav,0c8f14a9-6999-485b-97a2-913c1cbf099c-1430760379259-1.7-m-26-hu.wav,hungry,22050,7.0,154350,False
data/processed/audio_clean/hungry/7E4B9C14-F955-4BED-9B03-7F3096A6CBFF-1430232157-1.0-f-26-hu.wav,7E4B9C14-F955-4BED-9B03-7F3096A6CBFF-1430232157-1.0-f-26-hu.wav,hungry,22050,7.0,154350,False
data/processed/audio_clean/hungry/999bf14b-e417-4b44-b746-9253f81efe38-1430972705879-1.7-m-26-hu.wav,999bf14b-e417-4b44-b746-9253f81efe38-1430972705879-1.7-m-26-hu.wav,hungry,22050,7.0,154350,False
data/processed/audio_clean/hungry/aaa57dbd-7b88-454a-963e-6faa2f4ed4e7-1436910235521-1.7-f-04-hu.wav,aaa57dbd-7b88-454a-963e-6faa2f4ed4e7-1436910235521-1.7-f-04-hu.wav,hungry,22050,7.0,154350,False
data/processed/audio_clean/hungry/89964233-cbdb-4f34-a819-5f4b5ce3f5f5-1430049852345-1.7-f-04-hu.wav,89964233-cbdb-4f34-a819-5f4b5ce3f5f5-1430049852345-1.7-f-04-hu.wav,hungry,22050,7.0,154350,False
data/processed/audio_clean/hungry/0776b33b-c41a-4a2e-8b9c-f1c184be00c8-1437123838264-1.7-f-26-hu.wav,0776b33b-c41a-4a2e-8b9c-f1c184be00c8-1437123838264-1.7-f-26-hu.wav,hungry,22050,7.0,154350,False
data/processed/audio_clean/hungry/4CD5903D-E2CE-401E-B898-D873C763F44B-1430727653-1.0-m-26-hu.wav,4CD5903D-E2CE-401E-B898-D873C763F44B-1430727653-1.0-m-26-hu.wav,hungry,22050,7.0,154350,False
data/processed/audio_clean/hungry/7A864194-4B6B-4850-ABBF-0C2A8170107B-1436846824-1.1-f-26-hu.wav,7A864194-4B6B-4850-ABBF-0C2A8170107B-1436846824-1.1-f-26-hu.wav,hungry,22050,7.0,154350,False
data/processed/audio_clean/hungry/8f4dbf5a-b504-4452-b6ac-94e646a6a052-1430735057816-1.7-f-72-hu.wav,8f4dbf5a-b504-4452-b6ac-94e646a6a052-1430735057816-1.7-f-72-hu.wav,hungry,22050,7.0,154350,False
data/processed/audio_clean/hungry/02ead89b-aa02-453e-8b83-6ebde9fe7551-1430233132879-1.7-m-26-hu.wav,02ead89b-aa02-453e-8b83-6ebde9fe7551-1430233132879-1.7-m-26-hu.wav,hungry,22050,7.0,154350,False
data/processed/audio_clean/hungry/aaa57dbd-7b88-454a-963e-6faa2f4ed4e7-1436988612387-1.7-f-04-hu.wav,aaa57dbd-7b88-454a-963e-6faa2f4ed4e7-1436988612387-1.7-f-04-hu.wav,hungry,22050,7.0,154350,False
data/processed/audio_clean/hungry/1259bcad-2308-46fa-9a36-b5d8f359886a-1430143668806-1.7-f-04-hu.wav,1259bcad-2308-46fa-9a36-b5d8f359886a-1430143668806-1.7-f-04-hu.wav,hungry,22050,7.0,154350,False
data/processed/audio_clean/hungry/7B924575-21FC-462A-969E-BABB46D1CBF5-1430055234-1.0-f-72-hu.wav,7B924575-21FC-462A-969E-BABB46D1CBF5-1430055234-1.0-f-72-hu.wav,hungry,22050,7.0,154350,False
data/processed/audio_clean/hungry/1f40790f-68f2-4e7e-845e-715bd97c82d0-1429979568422-1.7-m-04-hu.wav,1f40790f-68f2-4e7e-845e-715bd97c82d0-1429979568422-1.7-m-04-hu.wav,hungry,22050,7.0,154350,False
data/processed/audio_clean/hungry/815af07e-4c31-4032-8bd1-dab6e60c879e-1433156423585-1.7-m-04-hu.wav,815af07e-4c31-4032-8bd1-dab6e60c879e-1433156423585-1.7-m-04-hu.wav,hungry,22050,7.0,154350,False
data/processed/audio_clean/hungry/70d30513-0ec3-49e4-9976-e85785e85c2d-1431033405793-1.7-m-04-hu.wav,70d30513-0ec3-49e4-9976-e85785e85c2d-1431033405793-1.7-m-04-hu.wav,hungry,22050,7.0,154350,False
data/processed/audio_clean/hungry/2602b7c2-e96d-42f6-9767-f1ae74925ef8-1431376228657-1.7-f-22-hu.wav,2602b7c2-e96d-42f6-9767-f1ae74925ef8-1431376228657-1.7-f-22-hu.wav,hungry,22050,7.0,154350,False
data/processed/audio_clean/hungry/50DC5FBC-AC95-44F2-B55F-E4E5FB03AC96-1430108024-1.0-m-26-hu.wav,50DC5FBC-AC95-44F2-B55F-E4E5FB03AC96-1430108024-1.0-m-26-hu.wav,hungry,22050,7.0,154350,False
data/processed/audio_clean/hungry/85FAB169-4DCC-406D-AC93-2F6A8D797DAB-1437632141-1.1-m-04-hu.wav,85FAB169-4DCC-406D-AC93-2F6A8D797DAB-1437632141-1.1-m-04-hu.wav,hungry,22050,7.0,154350,False
data/processed/audio_clean/hungry/A123AD65-38D3-4A65-AB37-330034765840-1430093726-1.0-m-04-hu.wav,A123AD65-38D3-4A65-AB37-330034765840-1430093726-1.0-m-04-hu.wav,hungry,22050,7.0,154350,False
data/processed/audio_clean/hungry/549a46d8-9c84-430e-ade8-97eae2bef787-1430130686288-1.7-m-48-hu.wav,549a46d8-9c84-430e-ade8-97eae2bef787-1430130686288-1.7-m-48-hu.wav,hungry,22050,7.0,154350,False
data/processed/audio_clean/hungry/376C006E-3664-4056-80D0-7661F631A062-1436930593-1.1-m-26-hu.wav,376C006E-3664-4056-80D0-7661F631A062-1436930593-1.1-m-26-hu.wav,hungry,22050,7.0,154350,False
data/processed/audio_clean/hungry/719bb382-a592-46b7-82d2-8b4a625263b7-1430376483385-1.7-m-48-hu.wav,719bb382-a592-46b7-82d2-8b4a625263b7-1430376483385-1.7-m-48-hu.wav,hungry,22050,7.0,154350,False
data/processed/audio_clean/hungry/37105492-58b1-432e-a1ce-ea154425abab-1430744728397-1.7-f-26-hu.wav,37105492-58b1-432e-a1ce-ea154425abab-1430744728397-1.7-f-26-hu.wav,hungry,22050,7.0,154350,False
data/processed/audio_clean/hungry/7A22229D-06C2-4AAA-9674-DE5DF1906B3A-1436891933-1.1-m-72-hu.wav,7A22229D-06C2-4AAA-9674-DE5DF1906B3A-1436891933-1.1-m-72-hu.wav,hungry,22050,7.0,154350,False
data/processed/audio_clean/hungry/0c8f14a9-6999-485b-97a2-913c1cbf099c-1430760394426-1.7-m-26-hu.wav,0c8f14a9-6999-485b-97a2-913c1cbf099c-1430760394426-1.7-m-26-hu.wav,hungry,22050,7.0,154350,False
data/processed/audio_clean/hungry/743E7CCA-D32B-40B6-9541-9808122D3F6B-1436860011-1.1-f-26-hu.wav,743E7CCA-D32B-40B6-9541-9808122D3F6B-1436860011-1.1-f-26-hu.wav,hungry,22050,7.0,154350,False
data/processed/audio_clean/hungry/B456CE9D-CBD4-43E5-899B-8B8B0483F17D-1431015486-1.0-m-72-hu.wav,B456CE9D-CBD4-43E5-899B-8B8B0483F17D-1431015486-1.0-m-72-hu.wav,hungry,22050,7.0,154350,False
data/processed/audio_clean/hungry/6639C63C-F634-489C-91B3-E3DB5930EFD5-1431370257-1.1-m-04-hu.wav,6639C63C-F634-489C-91B3-E3DB5930EFD5-1431370257-1.1-m-04-hu.wav,hungry,22050,7.0,154350,False
data/processed/audio_clean/hungry/04c3386b-e6bc-4bd0-8456-d46ae21a73fc-1435305829013-1.7-f-26-hu.wav,04c3386b-e6bc-4bd0-8456-d46ae21a73fc-1435305829013-1.7-f-26-hu.wav,hungry,22050,7.0,154350,False
data/processed/audio_clean/hungry/4cefc13c-e7c0-4b5a-bddb-c40c103e640a-1431583459308-1.7-f-26-hu.wav,4cefc13c-e7c0-4b5a-bddb-c40c103e640a-1431583459308-1.7-f-26-hu.wav,hungry,22050,7.0,154350,False
data/processed/audio_clean/hungry/177dc72e-d0f8-47ef-a5a7-3b46878e11a0-1430736358754-1.7-f-26-hu.wav,177dc72e-d0f8-47ef-a5a7-3b46878e11a0-1430736358754-1.7-f-26-hu.wav,hungry,22050,7.0,154350,False
data/processed/audio_clean/hungry/96986c8b-9988-4c37-a0f8-e7c4269cc3ac-1431719845836-1.7-m-26-hu.wav,96986c8b-9988-4c37-a0f8-e7c4269cc3ac-1431719845836-1.7-m-26-hu.wav,hungry,22050,7.0,154350,False
data/processed/audio_clean/hungry/B0D9116D-8FA4-41AF-B626-BE508FD5CA04-1430832542-1.0-m-04-hu.wav,B0D9116D-8FA4-41AF-B626-BE508FD5CA04-1430832542-1.0-m-04-hu.wav,hungry,22050,7.0,154350,False
data/processed/audio_clean/hungry/189b78c6-9e78-43f2-bcb8-6cc8a462f4dc-1430807938301-1.7-m-22-hu.wav,189b78c6-9e78-43f2-bcb8-6cc8a462f4dc-1430807938301-1.7-m-22-hu.wav,hungry,22050,7.0,154350,False
data/processed/audio_clean/hungry/719bb382-a592-46b7-82d2-8b4a625263b7-1430376501744-1.7-m-48-hu.wav,719bb382-a592-46b7-82d2-8b4a625263b7-1430376501744-1.7-m-48-hu.wav,hungry,22050,7.0,154350,False
data/processed/audio_clean/hungry/2ad6d558-32f2-4bfd-99c5-cbd31ee3bb11-1430064396119-1.7-m-72-hu.wav,2ad6d558-32f2-4bfd-99c5-cbd31ee3bb11-1430064396119-1.7-m-72-hu.wav,hungry,22050,7.0,154350,False
data/processed/audio_clean/hungry/8f4dbf5a-b504-4452-b6ac-94e646a6a052-1430729451597-1.7-f-72-hu.wav,8f4dbf5a-b504-4452-b6ac-94e646a6a052-1430729451597-1.7-f-72-hu.wav,hungry,22050,7.0,154350,False
data/processed/audio_clean/hungry/0a983cd2-0078-4698-a048-99ac01eb167a-1433917038889-1.7-f-04-hu.wav,0a983cd2-0078-4698-a048-99ac01eb167a-1433917038889-1.7-f-04-hu.wav,hungry,22050,7.0,154350,False
data/processed/audio_clean/hungry/4be720ce-a5e5-4a48-930f-a212f8a239f6-1434774947458-1.7-f-48-hu.wav,4be720ce-a5e5-4a48-930f-a212f8a239f6-1434774947458-1.7-f-48-hu.wav,hungry,22050,7.0,154350,False
data/processed/audio_clean/hungry/d1e236a0-e030-4137-9030-5625026cd098-1430477951092-1.2-m-04-hu.wav,d1e236a0-e030-4137-9030-5625026cd098-1430477951092-1.2-m-04-hu.wav,hungry,22050,7.0,154350,False
data/processed/audio_clean/hungry/e4051e62-d21d-4bb8-a235-fd7e859ad787-1430739655763-1.7-m-04-hu.wav,e4051e62-d21d-4bb8-a235-fd7e859ad787-1430739655763-1.7-m-04-hu.wav,hungry,22050,7.0,154350,False
data/processed/audio_clean/hungry/adb53808-8b13-4c08-b055-6653c75298be-1430133962749-1.7-m-72-hu.wav,adb53808-8b13-4c08-b055-6653c75298be-1430133962749-1.7-m-72-hu.wav,hungry,22050,7.0,154350,False
data/processed/audio_clean/hungry/edb5924c-07ba-4eaa-838b-aaf9511a219b-1431894189631-1.7-m-48-hu.wav,edb5924c-07ba-4eaa-838b-aaf9511a219b-1431894189631-1.7-m-48-hu.wav,hungry,22050,7.0,154350,False
data/processed/audio_clean/hungry/d79affbc-f7b4-4ef0-ae57-be5da4b827bf-1430761528998-1.7-m-72-hu.wav,d79affbc-f7b4-4ef0-ae57-be5da4b827bf-1430761528998-1.7-m-72-hu.wav,hungry,22050,7.0,154350,False
data/processed/audio_clean/hungry/c10e2b0f-0cb8-4485-b82f-d453edf97db7-1430739179429-1.7-f-26-hu.wav,c10e2b0f-0cb8-4485-b82f-d453edf97db7-1430739179429-1.7-f-26-hu.wav,hungry,22050,7.0,154350,False
data/processed/audio_clean/hungry/eccb4617-8373-4c4f-b49e-bb2d72bce8d8-1430035348191-1.7-m-26-hu.wav,eccb4617-8373-4c4f-b49e-bb2d72bce8d8-1430035348191-1.7-m-26-hu.wav,hungry,22050,7.0,154350,False
data/processed/audio_clean/hungry/e37c323c-0edb-4942-be47-3cc0b2de00a1-1434392919844-1.7-f-26-hu.wav,e37c323c-0edb-4942-be47-3cc0b2de00a1-1434392919844-1.7-f-26-hu.wav,hungry,22050,7.0,154350,False
data/processed/audio_clean/hungry/d6cda191-4962-4308-9a36-46d5648a95ed-1431882043380-1.7-m-04-hu.wav,d6cda191-4962-4308-9a36-46d5648a95ed-1431882043380-1.7-m-04-hu.wav,hungry,22050,7.0,154350,False
data/processed/audio_clean/hungry/e36730a9-d62b-4752-856f-b42feb1585df-1429975817524-1.7-m-04-hu.wav,e36730a9-d62b-4752-856f-b42feb1585df-1429975817524-1.7-m-04-hu.wav,hungry,22050,7.0,154350,False
data/processed/audio_clean/hungry/e1e640e2-78cb-4cb7-9ccc-93813bfc251c-1430738652322-1.7-m-72-hu.wav,e1e640e2-78cb-4cb7-9ccc-93813bfc251c-1430738652322-1.7-m-72-hu.wav,hungry,22050,7.0,154350,False
data/processed/audio_clean/hungry/cecd525b-18fd-49e3-b2b9-dfb08b93ad95-1430109958636-1.7-m-26-hu.wav,cecd525b-18fd-49e3-b2b9-dfb08b93ad95-1430109958636-1.7-m-26-hu.wav,hungry,22050,7.0,154350,False
data/processed/audio_clean/hungry/d6cda191-4962-4308-9a36-46d5648a95ed-1431882032820-1.7-m-04-hu.wav,d6cda191-4962-4308-9a36-46d5648a95ed-1431882032820-1.7-m-04-hu.wav,hungry,22050,7.0,154350,False
data/processed/audio_clean/hungry/ed31b187-34af-4ff1-979c-3b8a5905fb7b-1430044808480-1.7-m-04-hu.wav,ed31b187-34af-4ff1-979c-3b8a5905fb7b-1430044808480-1.7-m-04-hu.wav,hungry,22050,7.0,154350,False
data/processed/audio_clean/hungry/fa8620d3-e7db-4101-aff0-28dbf0d96a5f-1434465485354-1.7-f-04-hu.wav,fa8620d3-e7db-4101-aff0-28dbf0d96a5f-1434465485354-1.7-f-04-hu.wav,hungry,22050,7.0,154350,False
data/processed/audio_clean/hungry/af30880e-5f98-4dc0-b37a-be6b21fa0ba3-1431240037389-1.7-m-26-hu.wav,af30880e-5f98-4dc0-b37a-be6b21fa0ba3-1431240037389-1.7-m-26-hu.wav,hungry,22050,7.0,154350,False
data/processed/audio_clean/hungry/e0cc5beb-50e5-46ef-852e-c92106216e62-1430143334661-1.7-m-04-hu.wav,e0cc5beb-50e5-46ef-852e-c92106216e62-1430143334661-1.7-m-04-hu.wav,hungry,22050,7.0,154350,False
data/processed/audio_clean/hungry/f5b29377-7cd6-4688-942c-5a07add39dc5-1437178455960-1.7-f-26-hu.wav,f5b29377-7cd6-4688-942c-5a07add39dc5-1437178455960-1.7-f-26-hu.wav,hungry,22050,7.0,154350,False
data/processed/audio_clean/hungry/c10e2b0f-0cb8-4485-b82f-d453edf97db7-1430739158854-1.7-f-26-hu.wav,c10e2b0f-0cb8-4485-b82f-d453edf97db7-1430739158854-1.7-f-26-hu.wav,hungry,22050,7.0,154350,False
data/processed/audio_clean/hungry/cda99fcf-d010-47b4-8987-f54be313ddbd-1429973787766-1.7-f-26-hu.wav,cda99fcf-d010-47b4-8987-f54be313ddbd-1429973787766-1.7-f-26-hu.wav,hungry,22050,7.0,154350,False
data/processed/audio_clean/hungry/b4c460d8-bd6b-4017-9bb8-2ae4ff0c5af1-1432751065608-1.7-f-26-hu.wav,b4c460d8-bd6b-4017-9bb8-2ae4ff0c5af1-1432751065608-1.7-f-26-hu.wav,hungry,22050,7.0,154350,False
data/processed/audio_clean/hungry/c7fef089-4a65-4b75-bfd4-bae0e3518adf-1430754388848-1.7-m-04-hu.wav,c7fef089-4a65-4b75-bfd4-bae0e3518adf-1430754388848-1.7-m-04-hu.wav,hungry,22050,7.0,154350,False
data/processed/audio_clean/hungry/bb2bdafb-0477-4be4-8c41-1a6192e8c6d4-1430637736064-1.7-m-72-hu.wav,bb2bdafb-0477-4be4-8c41-1a6192e8c6d4-1430637736064-1.7-m-72-hu.wav,hungry,22050,7.0,154350,False
data/processed/audio_clean/hungry/adb53808-8b13-4c08-b055-6653c75298be-1430133982281-1.7-m-72-hu.wav,adb53808-8b13-4c08-b055-6653c75298be-1430133982281-1.7-m-72-hu.wav,hungry,22050,7.0,154350,False
data/processed/audio_clean/hungry/d1e236a0-e030-4137-9030-5625026cd098-1430477960643-1.2-m-04-hu.wav,d1e236a0-e030-4137-9030-5625026cd098-1430477960643-1.2-m-04-hu.wav,hungry,22050,7.0,154350,False
data/processed/audio_clean/hungry/ed31b187-34af-4ff1-979c-3b8a5905fb7b-1430045366784-1.7-f-04-hu.wav,ed31b187-34af-4ff1-979c-3b8a5905fb7b-1430045366784-1.7-f-04-hu.wav,hungry,22050,7.0,154350,False
data/processed/audio_clean/hungry/edb5924c-07ba-4eaa-838b-aaf9511a219b-1431899400326-1.7-m-48-hu.wav,edb5924c-07ba-4eaa-838b-aaf9511a219b-1431899400326-1.7-m-48-hu.wav,hungry,22050,7.0,154350,False
data/processed/audio_clean/hungry/c6fd9d60-0fa7-44c0-b3ce-0192527d7b81-1429978271017-1.7-m-04-hu.wav,c6fd9d60-0fa7-44c0-b3ce-0192527d7b81-1429978271017-1.7-m-04-hu.wav,hungry,22050,7.0,154350,False
data/processed/audio_clean/hungry/e0717ce2-da25-417c-89a5-58d7175f4a6d-1436966513203-1.7-m-26-hu.wav,e0717ce2-da25-417c-89a5-58d7175f4a6d-1436966513203-1.7-m-26-hu.wav,hungry,22050,7.0,154350,False
data/processed/audio_clean/hungry/adcefe56-90b1-4120-83b1-93008cb6f7f0-1430731683554-1.7-m-04-hu.wav,adcefe56-90b1-4120-83b1-93008cb6f7f0-1430731683554-1.7-m-04-hu.wav,hungry,22050,7.0,154350,False
data/processed/audio_clean/hungry/bb2bdafb-0477-4be4-8c41-1a6192e8c6d4-1430637663087-1.7-m-72-hu.wav,bb2bdafb-0477-4be4-8c41-1a6192e8c6d4-1430637663087-1.7-m-72-hu.wav,hungry,22050,7.0,154350,False
data/processed/audio_clean/hungry/c6fd9d60-0fa7-44c0-b3ce-0192527d7b81-1430066825817-1.7-m-72-hu.wav,c6fd9d60-0fa7-44c0-b3ce-0192527d7b81-1430066825817-1.7-m-72-hu.wav,hungry,22050,7.0,154350,False
data/processed/audio_clean/hungry/c42e76b9-a4c1-48f6-a91d-27ab83015874-1430737177322-1.7-f-72-hu.wav,c42e76b9-a4c1-48f6-a91d-27ab83015874-1430737177322-1.7-f-72-hu.wav,hungry,22050,7.0,154350,False
data/processed/audio_clean/hungry/dc5429de-26b4-48e2-bc47-bc607b9bba06-1430741828918-1.7-f-72-hu.wav,dc5429de-26b4-48e2-bc47-bc607b9bba06-1430741828918-1.7-f-72-hu.wav,hungry,22050,7.0,154350,False
data/processed/audio_clean/hungry/e1e640e2-78cb-4cb7-9ccc-93813bfc251c-1430738640598-1.7-m-72-hu.wav,e1e640e2-78cb-4cb7-9ccc-93813bfc251c-1430738640598-1.7-m-72-hu.wav,hungry,22050,7.0,154350,False
data/processed/audio_clean/hungry/e37c323c-0edb-4942-be47-3cc0b2de00a1-1434392936735-1.7-f-26-hu.wav,e37c323c-0edb-4942-be47-3cc0b2de00a1-1434392936735-1.7-f-26-hu.wav,hungry,22050,7.0,154350,False
data/processed/audio_clean/hungry/f896b69d-6241-4b51-9c45-0d628bc827c1-1430090255303-1.7-m-04-hu.wav,f896b69d-6241-4b51-9c45-0d628bc827c1-1430090255303-1.7-m-04-hu.wav,hungry,22050,7.0,154350,False
data/processed/audio_clean/hungry/be21ef2a-a415-4e8b-bfe6-731bf9956e2c-1431320909516-1.7-f-26-hu.wav,be21ef2a-a415-4e8b-bfe6-731bf9956e2c-1431320909516-1.7-f-26-hu.wav,hungry,22050,7.0,154350,False
data/processed/audio_clean/hungry/bb2bdafb-0477-4be4-8c41-1a6192e8c6d4-1430637640279-1.7-m-72-hu.wav,bb2bdafb-0477-4be4-8c41-1a6192e8c6d4-1430637640279-1.7-m-72-hu.wav,hungry,22050,7.0,154350,False
data/processed/audio_clean/hungry/afa44e7f-4187-4f1c-9437-b49ba75f542e-1430629785235-1.7-f-04-hu.wav,afa44e7f-4187-4f1c-9437-b49ba75f542e-1430629785235-1.7-f-04-hu.wav,hungry,22050,7.0,154350,False
data/processed/audio_clean/hungry/b5044f9a-6f2e-44fc-8e04-9076a988acf2-1435544527174-1.7-m-04-hu.wav,b5044f9a-6f2e-44fc-8e04-9076a988acf2-1435544527174-1.7-m-04-hu.wav,hungry,22050,7.0,154350,False
data/processed/audio_clean/hungry/f896b69d-6241-4b51-9c45-0d628bc827c1-1430090400166-1.7-m-72-hu.wav,f896b69d-6241-4b51-9c45-0d628bc827c1-1430090400166-1.7-m-72-hu.wav,hungry,22050,7.0,154350,False
data/processed/audio_clean/hungry/b9d0daab-43c8-41f1-86af-3bcdea9af63c-1429979961789-1.7-f-22-hu.wav,b9d0daab-43c8-41f1-86af-3bcdea9af63c-1429979961789-1.7-f-22-hu.wav,hungry,22050,7.0,154350,False
data/processed/audio_clean/hungry/ae5a462b-5424-4b5b-82d5-07ccb61654ab-1430405436291-1.7-f-04-hu.wav,ae5a462b-5424-4b5b-82d5-07ccb61654ab-1430405436291-1.7-f-04-hu.wav,hungry,22050,7.0,154350,False
data/processed/audio_clean/hungry/ca7d8d54-13cb-4060-8db4-90651b60c078-1434674769219-1.7-f-26-hu.wav,ca7d8d54-13cb-4060-8db4-90651b60c078-1434674769219-1.7-f-26-hu.wav,hungry,22050,7.0,154350,False
data/processed/audio_clean/hungry/c10e2b0f-0cb8-4485-b82f-d453edf97db7-1430738986076-1.7-f-26-hu.wav,c10e2b0f-0cb8-4485-b82f-d453edf97db7-1430738986076-1.7-f-26-hu.wav,hungry,22050,7.0,154350,False
data/processed/audio_clean/hungry/c6fd9d60-0fa7-44c0-b3ce-0192527d7b81-1430038968282-1.7-m-04-hu.wav,c6fd9d60-0fa7-44c0-b3ce-0192527d7b81-1430038968282-1.7-m-04-hu.wav,hungry,22050,7.0,154350,False
data/processed/audio_clean/hungry/bfbc4d23-39b2-4b33-b686-2f048f062b60-1430077722675-1.7-f-72-hu.wav,bfbc4d23-39b2-4b33-b686-2f048f062b60-1430077722675-1.7-f-72-hu.wav,hungry,22050,7.0,154350,False
data/processed/audio_clean/hungry/ed31b187-34af-4ff1-979c-3b8a5905fb7b-1430044897699-1.7-f-48-hu.wav,ed31b187-34af-4ff1-979c-3b8a5905fb7b-1430044897699-1.7-f-48-hu.wav,hungry,22050,7.0,154350,False
data/processed/audio_clean/hungry/b8fe4527-5e46-437f-897d-be32112bc1c8-1430166086647-1.7-f-48-hu.wav,b8fe4527-5e46-437f-897d-be32112bc1c8-1430166086647-1.7-f-48-hu.wav,hungry,22050,7.0,154350,False
data/processed/audio_clean/hungry/d6cda191-4962-4308-9a36-46d5648a95ed-1428333797380-1.5-f-26-hu.wav,d6cda191-4962-4308-9a36-46d5648a95ed-1428333797380-1.5-f-26-hu.wav,hungry,22050,7.0,154350,False
data/processed/audio_clean/hungry/d79affbc-f7b4-4ef0-ae57-be5da4b827bf-1430761514476-1.7-m-72-hu.wav,d79affbc-f7b4-4ef0-ae57-be5da4b827bf-1430761514476-1.7-m-72-hu.wav,hungry,22050,7.0,154350,False
data/processed/audio_clean/hungry/fa8620d3-e7db-4101-aff0-28dbf0d96a5f-1434296505682-1.7-f-04-hu.wav,fa8620d3-e7db-4101-aff0-28dbf0d96a5f-1434296505682-1.7-f-04-hu.wav,hungry,22050,7.0,154350,False
data/processed/audio_clean/hungry/ae5a462b-5424-4b5b-82d5-07ccb61654ab-1431155960186-1.7-f-48-hu.wav,ae5a462b-5424-4b5b-82d5-07ccb61654ab-1431155960186-1.7-f-48-hu.wav,hungry,22050,7.0,154350,False
data/processed/audio_clean/hungry/ed31b187-34af-4ff1-979c-3b8a5905fb7b-1430044853892-1.7-f-04-hu.wav,ed31b187-34af-4ff1-979c-3b8a5905fb7b-1430044853892-1.7-f-04-hu.wav,hungry,22050,7.0,154350,False
data/processed/audio_clean/hungry/ae5f103b-5fee-442f-bb1b-d9d0570c46ab-1431533809819-1.7-m-26-hu.wav,ae5f103b-5fee-442f-bb1b-d9d0570c46ab-1431533809819-1.7-m-26-hu.wav,hungry,22050,7.0,154350,False
data/processed/audio_clean/hungry/f896b69d-6241-4b51-9c45-0d628bc827c1-1430090274181-1.7-m-04-hu.wav,f896b69d-6241-4b51-9c45-0d628bc827c1-1430090274181-1.7-m-04-hu.wav,hungry,22050,7.0,154350,False
data/processed/audio_clean/hungry/cde108d0-62c3-47f8-82c4-233c9fba5cdd-1436884444242-1.7-m-48-hu.wav,cde108d0-62c3-47f8-82c4-233c9fba5cdd-1436884444242-1.7-m-48-hu.wav,hungry,22050,7.0,154350,False
data/processed/audio_clean/hungry/efd13da0-d40e-48bc-b14e-dee28af4d3c6-1430728179252-1.7-m-22-hu.wav,efd13da0-d40e-48bc-b14e-dee28af4d3c6-1430728179252-1.7-m-22-hu.wav,hungry,22050,7.0,154350,False
data/processed/audio_clean/hungry/c6fd9d60-0fa7-44c0-b3ce-0192527d7b81-1430068155237-1.7-m-72-hu.wav,c6fd9d60-0fa7-44c0-b3ce-0192527d7b81-1430068155237-1.7-m-72-hu.wav,hungry,22050,7.0,154350,False
data/processed/audio_clean/hungry/cde108d0-62c3-47f8-82c4-233c9fba5cdd-1436884406827-1.7-m-48-hu.wav,cde108d0-62c3-47f8-82c4-233c9fba5cdd-1436884406827-1.7-m-48-hu.wav,hungry,22050,7.0,154350,False
data/processed/audio_clean/hungry/e4051e62-d21d-4bb8-a235-fd7e859ad787-1430740613780-1.7-f-72-hu.wav,e4051e62-d21d-4bb8-a235-fd7e859ad787-1430740613780-1.7-f-72-hu.wav,hungry,22050,7.0,154350,False
data/processed/audio_clean/hungry/d6cda191-4962-4308-9a36-46d5648a95ed-1430640304482-1.7-m-04-hu.wav,d6cda191-4962-4308-9a36-46d5648a95ed-1430640304482-1.7-m-04-hu.wav,hungry,22050,7.0,154350,False
data/processed/audio_clean/hungry/c6fd9d60-0fa7-44c0-b3ce-0192527d7b81-1430068167526-1.7-m-72-hu.wav,c6fd9d60-0fa7-44c0-b3ce-0192527d7b81-1430068167526-1.7-m-72-hu.wav,hungry,22050,7.0,154350,False
data/processed/audio_clean/lonely/999bf14b-e417-4b44-b746-9253f81efe38-1430972741816-1.7-m-26-lo.wav,999bf14b-e417-4b44-b746-9253f81efe38-1430972741816-1.7-m-26-lo.wav,lonely,22050,7.0,154350,False
data/processed/audio_clean/lonely/88da3fbd-926b-4ee7-ae8f-85f92f2783b0-1430114359516-1.7-m-04-lo.wav,88da3fbd-926b-4ee7-ae8f-85f92f2783b0-1430114359516-1.7-m-04-lo.wav,lonely,22050,7.0,154350,False
data/processed/audio_clean/lonely/076e33bf-c599-4eee-a6e3-dbc1986ee493-1437288944366-1.7-f-72-lo.wav,076e33bf-c599-4eee-a6e3-dbc1986ee493-1437288944366-1.7-f-72-lo.wav,lonely,22050,7.0,154350,False
data/processed/audio_clean/lonely/be21ef2a-a415-4e8b-bfe6-731bf9956e2c-1431320938449-1.7-f-26-lo.wav,be21ef2a-a415-4e8b-bfe6-731bf9956e2c-1431320938449-1.7-f-26-lo.wav,lonely,22050,7.0,154350,False
data/processed/audio_clean/lonely/dc5429de-26b4-48e2-bc47-bc607b9bba06-1430741903654-1.7-f-72-lo.wav,dc5429de-26b4-48e2-bc47-bc607b9bba06-1430741903654-1.7-f-72-lo.wav,lonely,22050,7.0,154350,False
data/processed/audio_clean/lonely/d1e236a0-e030-4137-9030-5625026cd098-1430390498353-1.2-m-04-lo.wav,d1e236a0-e030-4137-9030-5625026cd098-1430390498353-1.2-m-04-lo.wav,lonely,22050,7.0,154350,False
data/processed/audio_clean/lonely/076e33bf-c599-4eee-a6e3-dbc1986ee493-1437288921225-1.7-f-72-lo.wav,076e33bf-c599-4eee-a6e3-dbc1986ee493-1437288921225-1.7-f-72-lo.wav,lonely,22050,7.0,154350,False
data/processed/audio_clean/lonely/0f257dac-7d6f-4575-9192-e3b4dcd3d4ef-1430185476161-1.7-f-26-lo.wav,0f257dac-7d6f-4575-9192-e3b4dcd3d4ef-1430185476161-1.7-f-26-lo.wav,lonely,22050,7.0,154350,False
data/processed/audio_clean/lonely/3f61124d-d02c-47dd-a009-44e97e60c4ca-1430759482503-1.7-f-72-lo.wav,3f61124d-d02c-47dd-a009-44e97e60c4ca-1430759482503-1.7-f-72-lo.wav,lonely,22050,7.0,154350,False
data/processed/audio_clean/lonely/0f257dac-7d6f-4575-9192-e3b4dcd3d4ef-1430185393784-1.7-f-26-lo.wav,0f257dac-7d6f-4575-9192-e3b4dcd3d4ef-1430185393784-1.7-f-26-lo.wav,lonely,22050,7.0,154350,False
data/processed/audio_clean/scared/generated1_f4c4b757-8b39-4322-aea0-89f3e7003756-1430229472185-1.7-f-04-sc.wav,generated1_f4c4b757-8b39-4322-aea0-89f3e7003756-1430229472185-1.7-f-04-sc.wav,scared,22050,7.0,154350,False
data/processed/audio_clean/scared/generated3_d6cda191-4962-4308-9a36-46d5648a95ed-1431700367302-1.7-m-04-sc.wav,generated3_d6cda191-4962-4308-9a36-46d5648a95ed-1431700367302-1.7-m-04-sc.wav,scared,22050,7.0,154350,False
data/processed/audio_clean/scared/generated1_b6911857-98b7-4bd7-86b9-7dec90fbd897-1431351785422-1.7-m-72-sc.wav,generated1_b6911857-98b7-4bd7-86b9-7dec90fbd897-1431351785422-1.7-m-72-sc.wav,scared,22050,7.0,154350,False
data/processed/audio_clean/scared/generated3_b6911857-98b7-4bd7-86b9-7dec90fbd897-1431351785422-1.7-m-72-sc.wav,generated3_b6911857-98b7-4bd7-86b9-7dec90fbd897-1431351785422-1.7-m-72-sc.wav,scared,22050,7.0,154350,False
data/processed/audio_clean/scared/generated2_f4c4b757-8b39-4322-aea0-89f3e7003756-1430229472185-1.7-f-04-sc.wav,generated2_f4c4b757-8b39-4322-aea0-89f3e7003756-1430229472185-1.7-f-04-sc.wav,scared,22050,7.0,154350,False
data/processed/audio_clean/scared/generated1_d6cda191-4962-4308-9a36-46d5648a95ed-1431700367302-1.7-m-04-sc.wav,generated1_d6cda191-4962-4308-9a36-46d5648a95ed-1431700367302-1.7-m-04-sc.wav,scared,22050,7.0,154350,False
data/processed/audio_clean/scared/generated2_b6911857-98b7-4bd7-86b9-7dec90fbd897-1431351785422-1.7-m-72-sc.wav,generated2_b6911857-98b7-4bd7-86b9-7dec90fbd897-1431351785422-1.7-m-72-sc.wav,scared,22050,7.0,154350,False
data/processed/audio_clean/scared/generated1_5f651112-d2a3-4911-b3a5-f37bfc092494-1430734603484-1.7-m-72-sc.wav,generated1_5f651112-d2a3-4911-b3a5-f37bfc092494-1430734603484-1.7-m-72-sc.wav,scared,22050,7.0,154350,False
data/processed/audio_clean/scared/generated2_d6cda191-4962-4308-9a36-46d5648a95ed-1431700349754-1.7-m-04-sc.wav,generated2_d6cda191-4962-4308-9a36-46d5648a95ed-1431700349754-1.7-m-04-sc.wav,scared,22050,7.0,154350,False
data/processed/audio_clean/scared/d6cda191-4962-4308-9a36-46d5648a95ed-1431700367302-1.7-m-04-sc.wav,d6cda191-4962-4308-9a36-46d5648a95ed-1431700367302-1.7-m-04-sc.wav,scared,22050,7.0,154350,False
data/processed/audio_clean/scared/generated3_f4c4b757-8b39-4322-aea0-89f3e7003756-1430229472185-1.7-f-04-sc.wav,generated3_f4c4b757-8b39-4322-aea0-89f3e7003756-1430229472185-1.7-f-04-sc.wav,scared,22050,7.0,154350,False
data/processed/audio_clean/scared/f4c4b757-8b39-4322-aea0-89f3e7003756-1430229472185-1.7-f-04-sc.wav,f4c4b757-8b39-4322-aea0-89f3e7003756-1430229472185-1.7-f-04-sc.wav,scared,22050,7.0,154350,False
data/processed/audio_clean/scared/generated1_d6cda191-4962-4308-9a36-46d5648a95ed-1431700349754-1.7-m-04-sc.wav,generated1_d6cda191-4962-4308-9a36-46d5648a95ed-1431700349754-1.7-m-04-sc.wav,scared,22050,7.0,154350,False
data/processed/audio_clean/scared/generated3_d6cda191-4962-4308-9a36-46d5648a95ed-1431700349754-1.7-m-04-sc.wav,generated3_d6cda191-4962-4308-9a36-46d5648a95ed-1431700349754-1.7-m-04-sc.wav,scared,22050,7.0,154350,False
data/processed/audio_clean/scared/b6911857-98b7-4bd7-86b9-7dec90fbd897-1431351785422-1.7-m-72-sc.wav,b6911857-98b7-4bd7-86b9-7dec90fbd897-1431351785422-1.7-m-72-sc.wav,scared,22050,7.0,154350,False
data/processed/audio_clean/scared/5f651112-d2a3-4911-b3a5-f37bfc092494-1430734603484-1.7-m-72-sc.wav,5f651112-d2a3-4911-b3a5-f37bfc092494-1430734603484-1.7-m-72-sc.wav,scared,22050,7.0,154350,False
data/processed/audio_clean/scared/generated2_d6cda191-4962-4308-9a36-46d5648a95ed-1431700367302-1.7-m-04-sc.wav,generated2_d6cda191-4962-4308-9a36-46d5648a95ed-1431700367302-1.7-m-04-sc.wav,scared,22050,7.0,154350,False
data/processed/audio_clean/scared/d6cda191-4962-4308-9a36-46d5648a95ed-1431700349754-1.7-m-04-sc.wav,d6cda191-4962-4308-9a36-46d5648a95ed-1431700349754-1.7-m-04-sc.wav,scared,22050,7.0,154350,False
data/processed/audio_clean/scared/generated3_5f651112-d2a3-4911-b3a5-f37bfc092494-1430734603484-1.7-m-72-sc.wav,generated3_5f651112-d2a3-4911-b3a5-f37bfc092494-1430734603484-1.7-m-72-sc.wav,scared,22050,7.0,154350,False
data/processed/audio_clean/scared/generated2_5f651112-d2a3-4911-b3a5-f37bfc092494-1430734603484-1.7-m-72-sc.wav,generated2_5f651112-d2a3-4911-b3a5-f37bfc092494-1430734603484-1.7-m-72-sc.wav,scared,22050,7.0,154350,False
data/processed/audio_clean/tired/330c.wav,330c.wav,tired,22050,7.0,154350,False
data/processed/audio_clean/tired/cecd525b-18fd-49e3-b2b9-dfb08b93ad95-1430110016777-1.7-m-26-ti.wav,cecd525b-18fd-49e3-b2b9-dfb08b93ad95-1430110016777-1.7-m-26-ti.wav,tired,22050,7.0,154350,False
data/processed/audio_clean/tired/291c.wav,291c.wav,tired,22050,7.0,154350,False
data/processed/audio_clean/tired/268c.wav,268c.wav,tired,22050,7.0,154350,False
data/processed/audio_clean/tired/345c.wav,345c.wav,tired,22050,7.0,154350,False
data/processed/audio_clean/tired/251c.wav,251c.wav,tired,22050,7.0,154350,False
data/processed/audio_clean/tired/277c.wav,277c.wav,tired,22050,7.0,154350,False
data/processed/audio_clean/tired/336c.wav,336c.wav,tired,22050,7.0,154350,False
data/processed/audio_clean/tired/310c.wav,310c.wav,tired,22050,7.0,154350,False
data/processed/audio_clean/tired/323c.wav,323c.wav,tired,22050,7.0,154350,False
data/processed/audio_clean/tired/260c.wav,260c.wav,tired,22050,7.0,154350,False
data/processed/audio_clean/tired/338c.wav,338c.wav,tired,22050,7.0,154350,False
data/processed/audio_clean/tired/B2AABCE0-1F62-4B57-B58A-308959ABDFE7-1437188766-1.1-m-26-ti.wav,B2AABCE0-1F62-4B57-B58A-308959ABDFE7-1437188766-1.1-m-26-ti.wav,tired,22050,7.0,154350,False
data/processed/audio_clean/tired/270c.wav,270c.wav,tired,22050,7.0,154350,False
data/processed/audio_clean/tired/313c.wav,313c.wav,tired,22050,7.0,154350,False
data/processed/audio_clean/tired/06c4cfa2-7fa6-4fda-91a1-ea186a4acc64-1430029246453-1.7-f-26-ti.wav,06c4cfa2-7fa6-4fda-91a1-ea186a4acc64-1430029246453-1.7-f-26-ti.wav,tired,22050,7.0,154350,False
data/processed/audio_clean/tired/305c.wav,305c.wav,tired,22050,7.0,154350,False
data/processed/audio_clean/tired/296c.wav,296c.wav,tired,22050,7.0,154350,False
data/processed/audio_clean/tired/306c.wav,306c.wav,tired,22050,7.0,154350,False
data/processed/audio_clean/tired/252c.wav,252c.wav,tired,22050,7.0,154350,False
data/processed/audio_clean/tired/297c.wav,297c.wav,tired,22050,7.0,154350,False
data/processed/audio_clean/tired/ca7d8d54-13cb-4060-8db4-90651b60c078-1434674792223-1.7-f-26-ti.wav,ca7d8d54-13cb-4060-8db4-90651b60c078-1434674792223-1.7-f-26-ti.wav,tired,22050,7.0,154350,False
data/processed/audio_clean/tired/347c.wav,347c.wav,tired,22050,7.0,154350,False
data/processed/audio_clean/tired/257c.wav,257c.wav,tired,22050,7.0,154350,False
data/processed/audio_clean/tired/279c.wav,279c.wav,tired,22050,7.0,154350,False
data/processed/audio_clean/tired/318c.wav,318c.wav,tired,22050,7.0,154350,False
data/processed/audio_clean/tired/337c.wav,337c.wav,tired,22050,7.0,154350,False
data/processed/audio_clean/tired/285c.wav,285c.wav,tired,22050,7.0,154350,False
data/processed/audio_clean/tired/326c.wav,326c.wav,tired,22050,7.0,154350,False
data/processed/audio_clean/tired/350c.wav,350c.wav,tired,22050,7.0,154350,False
data/processed/audio_clean/tired/276c.wav,276c.wav,tired,22050,7.0,154350,False
data/processed/audio_clean/tired/1309B82C-F146-46F0-A723-45345AFA6EA8-1430059864-1.0-f-04-ti.wav,1309B82C-F146-46F0-A723-45345AFA6EA8-1430059864-1.0-f-04-ti.wav,tired,22050,7.0,154350,False
data/processed/audio_clean/tired/334c.wav,334c.wav,tired,22050,7.0,154350,False
data/processed/audio_clean/tired/1309B82C-F146-46F0-A723-45345AFA6EA8-1431172241-1.0-f-48-ti.wav,1309B82C-F146-46F0-A723-45345AFA6EA8-1431172241-1.0-f-48-ti.wav,tired,22050,7.0,154350,False
data/processed/audio_clean/tired/312c.wav,312c.wav,tired,22050,7.0,154350,False
data/processed/audio_clean/tired/262c.wav,262c.wav,tired,22050,7.0,154350,False
data/processed/audio_clean/tired/320c.wav,320c.wav,tired,22050,7.0,154350,False
data/processed/audio_clean/tired/327c.wav,327c.wav,tired,22050,7.0,154350,False
data/processed/audio_clean/tired/299c.wav,299c.wav,tired,22050,7.0,154350,False
data/processed/audio_clean/tired/290c.wav,290c.wav,tired,22050,7.0,154350,False
data/processed/audio_clean/tired/06c4cfa2-7fa6-4fda-91a1-ea186a4acc64-1430029237378-1.7-f-26-ti.wav,06c4cfa2-7fa6-4fda-91a1-ea186a4acc64-1430029237378-1.7-f-26-ti.wav,tired,22050,7.0,154350,False
data/processed/audio_clean/tired/308c.wav,308c.wav,tired,22050,7.0,154350,False
data/processed/audio_clean/tired/311c.wav,311c.wav,tired,22050,7.0,154350,False
data/processed/audio_clean/tired/293c.wav,293c.wav,tired,22050,7.0,154350,False
data/processed/audio_clean/tired/d5abedab-9ed5-48d0-a83b-fc00c33d6d6b-1430079192907-1.7-f-04-ti.wav,d5abedab-9ed5-48d0-a83b-fc00c33d6d6b-1430079192907-1.7-f-04-ti.wav,tired,22050,7.0,154350,False
data/processed/audio_clean/tired/288c.wav,288c.wav,tired,22050,7.0,154350,False
data/processed/audio_clean/tired/B2AABCE0-1F62-4B57-B58A-308959ABDFE7-1437188751-1.1-m-26-ti.wav,B2AABCE0-1F62-4B57-B58A-308959ABDFE7-1437188751-1.1-m-26-ti.wav,tired,22050,7.0,154350,False
data/processed/audio_clean/tired/300c.wav,300c.wav,tired,22050,7.0,154350,False
data/processed/audio_clean/tired/325c.wav,325c.wav,tired,22050,7.0,154350,False
data/processed/audio_clean/tired/248c.wav,248c.wav,tired,22050,7.0,154350,False
data/processed/audio_clean/tired/346c.wav,346c.wav,tired,22050,7.0,154350,False
data/processed/audio_clean/tired/271c.wav,271c.wav,tired,22050,7.0,154350,False
data/processed/audio_clean/tired/03ADDCFB-354E-416D-BF32-260CF47F7060-1433658024-1.1-f-04-ti.wav,03ADDCFB-354E-416D-BF32-260CF47F7060-1433658024-1.1-f-04-ti.wav,tired,22050,7.0,154350,False
data/processed/audio_clean/tired/258c.wav,258c.wav,tired,22050,7.0,154350,False
data/processed/audio_clean/tired/321c.wav,321c.wav,tired,22050,7.0,154350,False
data/processed/audio_clean/tired/269c.wav,269c.wav,tired,22050,7.0,154350,False
data/processed/audio_clean/tired/343c.wav,343c.wav,tired,22050,7.0,154350,False
data/processed/audio_clean/tired/275c.wav,275c.wav,tired,22050,7.0,154350,False
data/processed/audio_clean/tired/256c.wav,256c.wav,tired,22050,7.0,154350,False
data/processed/audio_clean/tired/272c.wav,272c.wav,tired,22050,7.0,154350,False
data/processed/audio_clean/tired/307c.wav,307c.wav,tired,22050,7.0,154350,False
data/processed/audio_clean/tired/265c.wav,265c.wav,tired,22050,7.0,154350,False
data/processed/audio_clean/tired/322c.wav,322c.wav,tired,22050,7.0,154350,False
data/processed/audio_clean/tired/328c.wav,328c.wav,tired,22050,7.0,154350,False
data/processed/audio_clean/tired/339c.wav,339c.wav,tired,22050,7.0,154350,False
data/processed/audio_clean/tired/341c.wav,341c.wav,tired,22050,7.0,154350,False
data/processed/audio_clean/tired/cecd525b-18fd-49e3-b2b9-dfb08b93ad95-1430110029205-1.7-m-26-ti.wav,cecd525b-18fd-49e3-b2b9-dfb08b93ad95-1430110029205-1.7-m-26-ti.wav,tired,22050,7.0,154350,False
data/processed/audio_clean/tired/d6cda191-4962-4308-9a36-46d5648a95ed-1431587887997-1.7-m-04-ti.wav,d6cda191-4962-4308-9a36-46d5648a95ed-1431587887997-1.7-m-04-ti.wav,tired,22050,7.0,154350,False
data/processed/audio_clean/tired/C421C6FE-DFEE-4080-8AEA-848E7CE4756B-1430548384-1.0-m-26-ti.wav,C421C6FE-DFEE-4080-8AEA-848E7CE4756B-1430548384-1.0-m-26-ti.wav,tired,22050,7.0,154350,False
data/processed/audio_clean/tired/295c.wav,295c.wav,tired,22050,7.0,154350,False
data/processed/audio_clean/tired/317c.wav,317c.wav,tired,22050,7.0,154350,False
data/processed/audio_clean/tired/267c.wav,267c.wav,tired,22050,7.0,154350,False
data/processed/audio_clean/tired/266c.wav,266c.wav,tired,22050,7.0,154350,False
data/processed/audio_clean/tired/287c.wav,287c.wav,tired,22050,7.0,154350,False
data/processed/audio_clean/tired/301c.wav,301c.wav,tired,22050,7.0,154350,False
data/processed/audio_clean/tired/344c.wav,344c.wav,tired,22050,7.0,154350,False
data/processed/audio_clean/tired/282c.wav,282c.wav,tired,22050,7.0,154350,False
data/processed/audio_clean/tired/331c.wav,331c.wav,tired,22050,7.0,154350,False
data/processed/audio_clean/tired/b4c460d8-bd6b-4017-9bb8-2ae4ff0c5af1-1430418266487-1.7-f-26-ti.wav,b4c460d8-bd6b-4017-9bb8-2ae4ff0c5af1-1430418266487-1.7-f-26-ti.wav,tired,22050,7.0,154350,False
data/processed/audio_clean/tired/294c.wav,294c.wav,tired,22050,7.0,154350,False
data/processed/audio_clean/tired/d6cda191-4962-4308-9a36-46d5648a95ed-1431587899682-1.7-m-04-ti.wav,d6cda191-4962-4308-9a36-46d5648a95ed-1431587899682-1.7-m-04-ti.wav,tired,22050,7.0,154350,False
data/processed/audio_clean/tired/340c.wav,340c.wav,tired,22050,7.0,154350,False
data/processed/audio_clean/tired/C421C6FE-DFEE-4080-8AEA-848E7CE4756B-1430548393-1.0-f-26-ti.wav,C421C6FE-DFEE-4080-8AEA-848E7CE4756B-1430548393-1.0-f-26-ti.wav,tired,22050,7.0,154350,False
data/processed/audio_clean/tired/324c.wav,324c.wav,tired,22050,7.0,154350,False
data/processed/audio_clean/tired/5B416CE8-2591-4531-9ADC-86D085B5D48B-1430144827-1.0-m-48-ti.wav,5B416CE8-2591-4531-9ADC-86D085B5D48B-1430144827-1.0-m-48-ti.wav,tired,22050,7.0,154350,False
data/processed/audio_clean/tired/286c.wav,286c.wav,tired,22050,7.0,154350,False
data/processed/audio_clean/tired/259c.wav,259c.wav,tired,22050,7.0,154350,False
data/processed/audio_clean/tired/353c.wav,353c.wav,tired,22050,7.0,154350,False
data/processed/audio_clean/tired/264c.wav,264c.wav,tired,22050,7.0,154350,False
data/processed/audio_clean/tired/253c.wav,253c.wav,tired,22050,7.0,154350,False
data/processed/audio_clean/tired/D4665929-8695-4655-927F-63F09B2D4CB8-1430726940-1.0-f-26-ti.wav,D4665929-8695-4655-927F-63F09B2D4CB8-1430726940-1.0-f-26-ti.wav,tired,22050,7.0,154350,False
data/processed/audio_clean/tired/316c.wav,316c.wav,tired,22050,7.0,154350,False
data/processed/audio_clean/tired/302c.wav,302c.wav,tired,22050,7.0,154350,False
data/processed/audio_clean/tired/eea17285-4ab9-4d34-a2f5-55fc8c866ac6-1431887695278-1.7-f-26-ti.wav,eea17285-4ab9-4d34-a2f5-55fc8c866ac6-1431887695278-1.7-f-26-ti.wav,tired,22050,7.0,154350,False
data/processed/audio_clean/tired/333c.wav,333c.wav,tired,22050,7.0,154350,False
data/processed/audio_clean/tired/298c.wav,298c.wav,tired,22050,7.0,154350,False
data/processed/audio_clean/tired/319c.wav,319c.wav,tired,22050,7.0,154350,False
data/processed/audio_clean/tired/273c.wav,273c.wav,tired,22050,7.0,154350,False
data/processed/audio_clean/tired/255c.wav,255c.wav,tired,22050,7.0,154350,False
data/processed/audio_clean/tired/352c.wav,352c.wav,tired,22050,7.0,154350,False
data/processed/audio_clean/tired/281c.wav,281c.wav,tired,22050,7.0,154350,False
data/processed/audio_clean/tired/cecd525b-18fd-49e3-b2b9-dfb08b93ad95-1430110001954-1.7-m-26-ti.wav,cecd525b-18fd-49e3-b2b9-dfb08b93ad95-1430110001954-1.7-m-26-ti.wav,tired,22050,7.0,154350,False
data/processed/audio_clean/tired/349c.wav,349c.wav,tired,22050,7.0,154350,False
data/processed/audio_clean/tired/250c.wav,250c.wav,tired,22050,7.0,154350,False
data/processed/audio_clean/tired/254c.wav,254c.wav,tired,22050,7.0,154350,False
data/processed/audio_clean/tired/354c.wav,354c.wav,tired,22050,7.0,154350,False
data/processed/audio_clean/tired/284c.wav,284c.wav,tired,22050,7.0,154350,False
data/processed/audio_clean/tired/342c.wav,342c.wav,tired,22050,7.0,154350,False
data/processed/audio_clean/tired/314c.wav,314c.wav,tired,22050,7.0,154350,False
data/processed/audio_clean/tired/309c.wav,309c.wav,tired,22050,7.0,154350,False
data/processed/audio_clean/tired/315c.wav,315c.wav,tired,22050,7.0,154350,False
data/processed/audio_clean/tired/C5127741-5897-468C-A543-7F1B72569F0E-1428333964-1.0-m-26-ti.wav,C5127741-5897-468C-A543-7F1B72569F0E-1428333964-1.0-m-26-ti.wav,tired,22050,7.0,154350,False
data/processed/audio_clean/tired/303c.wav,303c.wav,tired,22050,7.0,154350,False
data/processed/audio_clean/tired/7A22229D-06C2-4AAA-9674-DE5DF1906B3A-1436891944-1.1-m-72-ti.wav,7A22229D-06C2-4AAA-9674-DE5DF1906B3A-1436891944-1.1-m-72-ti.wav,tired,22050,7.0,154350,False
data/processed/audio_clean/tired/292c.wav,292c.wav,tired,22050,7.0,154350,False
data/processed/audio_clean/tired/329c.wav,329c.wav,tired,22050,7.0,154350,False
data/processed/audio_clean/tired/274c.wav,274c.wav,tired,22050,7.0,154350,False
data/processed/audio_clean/tired/261c.wav,261c.wav,tired,22050,7.0,154350,False
data/processed/audio_clean/tired/304c.wav,304c.wav,tired,22050,7.0,154350,False
data/processed/audio_clean/tired/280c.wav,280c.wav,tired,22050,7.0,154350,False
data/processed/audio_clean/tired/d6cda191-4962-4308-9a36-46d5648a95ed-1431616581736-1.7-m-04-ti.wav,d6cda191-4962-4308-9a36-46d5648a95ed-1431616581736-1.7-m-04-ti.wav,tired,22050,7.0,154350,False
data/processed/audio_clean/tired/7A22229D-06C2-4AAA-9674-DE5DF1906B3A-1436891957-1.1-m-72-ti.wav,7A22229D-06C2-4AAA-9674-DE5DF1906B3A-1436891957-1.1-m-72-ti.wav,tired,22050,7.0,154350,False
data/processed/audio_clean/tired/06c4cfa2-7fa6-4fda-91a1-ea186a4acc64-1430029221058-1.7-f-26-ti.wav,06c4cfa2-7fa6-4fda-91a1-ea186a4acc64-1430029221058-1.7-f-26-ti.wav,tired,22050,7.0,154350,False
data/processed/audio_clean/tired/283c.wav,283c.wav,tired,22050,7.0,154350,False
data/processed/audio_clean/tired/278c.wav,278c.wav,tired,22050,7.0,154350,False
data/processed/audio_clean/tired/348c.wav,348c.wav,tired,22050,7.0,154350,False
data/processed/audio_clean/tired/249c.wav,249c.wav,tired,22050,7.0,154350,False
data/processed/audio_clean/tired/332c.wav,332c.wav,tired,22050,7.0,154350,False
data/processed/audio_clean/tired/351c.wav,351c.wav,tired,22050,7.0,154350,False
data/processed/audio_clean/tired/79FF400A-97E2-4701-987D-C7C850D5523C-1430089487-1.0-f-48-ti.wav,79FF400A-97E2-4701-987D-C7C850D5523C-1430089487-1.0-f-48-ti.wav,tired,22050,7.0,154350,False
data/processed/audio_clean/tired/335c.wav,335c.wav,tired,22050,7.0,154350,False
data/processed/audio_clean/tired/263c.wav,263c.wav,tired,22050,7.0,154350,False
data/processed/audio_clean/tired/cecd525b-18fd-49e3-b2b9-dfb08b93ad95-1430109992978-1.7-m-26-ti.wav,cecd525b-18fd-49e3-b2b9-dfb08b93ad95-1430109992978-1.7-m-26-ti.wav,tired,22050,7.0,154350,False
data/processed/audio_clean/tired/289c.wav,289c.wav,tired,22050,7.0,154350,False
data/processed/audio_clean/tired/355c.wav,355c.wav,tired,22050,7.0,154350,False
data/processed/audio_clean/tired/d2d67a70-dc24-46b2-99d8-c137f700848c-1436852581895-1.7-f-26-ti.wav,d2d67a70-dc24-46b2-99d8-c137f700848c-1436852581895-1.7-f-26-ti.wav,tired,22050,7.0,154350,False
data/processed/audio_clean/belly pain/bp-2.wav,bp-2.wav,belly pain,22050,7.0,154350,False
data/processed/audio_clean/belly pain/bp-21.wav,bp-21.wav,belly pain,22050,7.0,154350,False
data/processed/audio_clean/belly pain/bp-22.wav,bp-22.wav,belly pain,22050,7.0,154350,False
data/processed/audio_clean/belly pain/bp-23.wav,bp-23.wav,belly pain,22050,7.0,154350,False
data/processed/audio_clean/belly pain/bp-18.wav,bp-18.wav,belly pain,22050,7.0,154350,False
data/processed/audio_clean/belly pain/bp-17.wav,bp-17.wav,belly pain,22050,7.0,154350,False
data/processed/audio_clean/burping/bu-4.wav,bu-4.wav,burping,22050,7.0,154350,False
data/processed/audio_clean/burping/bu-4 - Copy.wav,bu-4 - Copy.wav,burping,22050,7.0,154350,False
data/processed/audio_clean/burping/bu-16 - Copy.wav,bu-16 - Copy.wav,burping,22050,7.0,154350,False
data/processed/audio_clean/burping/bu-13.wav,bu-13.wav,burping,22050,7.0,154350,False
data/processed/audio_clean/burping/bu-16.wav,bu-16.wav,burping,22050,7.0,154350,False
data/processed/audio_clean/burping/bu-13 - Copy.wav,bu-13 - Copy.wav,burping,22050,7.0,154350,False
data/processed/audio_clean/cold_hot/ch-9.wav,ch-9.wav,cold_hot,22050,7.0,154350,False
data/processed/audio_clean/cold_hot/ch-6 - Copy (2).wav,ch-6 - Copy (2).wav,cold_hot,22050,7.0,154350,False
data/processed/audio_clean/cold_hot/61c.wav,61c.wav,cold_hot,22050,7.0,154350,False
data/processed/audio_clean/cold_hot/ch-5 - Copy.wav,ch-5 - Copy.wav,cold_hot,22050,7.0,154350,False
data/processed/audio_clean/cold_hot/67c.wav,67c.wav,cold_hot,22050,7.0,154350,False
data/processed/audio_clean/cold_hot/64c.wav,64c.wav,cold_hot,22050,7.0,154350,False
data/processed/audio_clean/cold_hot/ch-9 - Copy.wav,ch-9 - Copy.wav,cold_hot,22050,7.0,154350,False
data/processed/audio_clean/cold_hot/ch-5.wav,ch-5.wav,cold_hot,22050,7.0,154350,False
data/processed/audio_clean/cold_hot/68c.wav,68c.wav,cold_hot,22050,7.0,154350,False
data/processed/audio_clean/cold_hot/ch-5 - Copy (2).wav,ch-5 - Copy (2).wav,cold_hot,22050,7.0,154350,False
data/processed/audio_clean/cold_hot/63c.wav,63c.wav,cold_hot,22050,7.0,154350,False
data/processed/audio_clean/cold_hot/65c.wav,65c.wav,cold_hot,22050,7.0,154350,False
data/processed/audio_clean/cold_hot/62c.wav,62c.wav,cold_hot,22050,7.0,154350,False
data/processed/audio_clean/cold_hot/ch-9 - Copy (2).wav,ch-9 - Copy (2).wav,cold_hot,22050,7.0,154350,False
data/processed/audio_clean/cold_hot/ch-6.wav,ch-6.wav,cold_hot,22050,7.0,154350,False
data/processed/audio_clean/cold_hot/ch-10 - Copy (2).wav,ch-10 - Copy (2).wav,cold_hot,22050,7.0,154350,False
data/processed/audio_clean/cold_hot/ch-6 - Copy.wav,ch-6 - Copy.wav,cold_hot,22050,7.0,154350,False
data/processed/audio_clean/cold_hot/ch-10 - Copy.wav,ch-10 - Copy.wav,cold_hot,22050,7.0,154350,False
data/processed/audio_clean/cold_hot/ch-4 - Copy (2).wav,ch-4 - Copy (2).wav,cold_hot,22050,7.0,154350,False
data/processed/audio_clean/cold_hot/66c.wav,66c.wav,cold_hot,22050,7.0,154350,False
data/processed/audio_clean/cold_hot/ch-4.wav,ch-4.wav,cold_hot,22050,7.0,154350,False
data/processed/audio_clean/cold_hot/ch-4 - Copy.wav,ch-4 - Copy.wav,cold_hot,22050,7.0,154350,False
data/processed/audio_clean/cold_hot/ch-10.wav,ch-10.wav,cold_hot,22050,7.0,154350,False
data/processed/audio_clean/discomfort/dc-23.wav,dc-23.wav,discomfort,22050,7.0,154350,False
data/processed/audio_clean/discomfort/dc-30.wav,dc-30.wav,discomfort,22050,7.0,154350,False
data/processed/audio_clean/discomfort/dc-10.wav,dc-10.wav,discomfort,22050,7.0,154350,False
data/processed/audio_clean/discomfort/dc-16.wav,dc-16.wav,discomfort,22050,7.0,154350,False
data/processed/audio_clean/hungry/hu-31.wav,hu-31.wav,hungry,22050,7.0,154350,False
data/processed/audio_clean/hungry/hu-14.wav,hu-14.wav,hungry,22050,7.0,154350,False
data/processed/audio_clean/hungry/hu-33.wav,hu-33.wav,hungry,22050,7.0,154350,False
data/processed/audio_clean/hungry/hu-19.wav,hu-19.wav,hungry,22050,7.0,154350,False
data/processed/audio_clean/hungry/hu-7.wav,hu-7.wav,hungry,22050,7.0,154350,False
data/processed/audio_clean/hungry/hu-21.wav,hu-21.wav,hungry,22050,7.0,154350,False
data/processed/audio_clean/hungry/hu-4.wav,hu-4.wav,hungry,22050,7.0,154350,False
data/processed/audio_clean/hungry/hu-25.wav,hu-25.wav,hungry,22050,7.0,154350,False
data/processed/audio_clean/hungry/hu-15.wav,hu-15.wav,hungry,22050,7.0,154350,False
data/processed/audio_clean/hungry/hu-27.wav,hu-27.wav,hungry,22050,7.0,154350,False
data/processed/audio_clean/hungry/hu-1.wav,hu-1.wav,hungry,22050,7.0,154350,False
data/processed/audio_clean/hungry/hu-22.wav,hu-22.wav,hungry,22050,7.0,154350,False
data/processed/audio_clean/hungry/hu-10.wav,hu-10.wav,hungry,22050,7.0,154350,False
data/processed/audio_clean/hungry/hu-5.wav,hu-5.wav,hungry,22050,7.0,154350,False
data/processed/audio_clean/hungry/hu-8.wav,hu-8.wav,hungry,22050,7.0,154350,False
data/processed/audio_clean/lonely/lo-1.wav,lo-1.wav,lonely,22050,7.0,154350,False
data/processed/audio_clean/lonely/lo-12 - Copy.wav,lo-12 - Copy.wav,lonely,22050,7.0,154350,False
data/processed/audio_clean/lonely/lo-14 - Copy.wav,lo-14 - Copy.wav,lonely,22050,7.0,154350,False
data/processed/audio_clean/lonely/lo-12.wav,lo-12.wav,lonely,22050,7.0,154350,False
data/processed/audio_clean/lonely/lo-2.wav,lo-2.wav,lonely,22050,7.0,154350,False
data/processed/audio_clean/lonely/lo-19.wav,lo-19.wav,lonely,22050,7.0,154350,False
data/processed/audio_clean/lonely/lo-18.wav,lo-18.wav,lonely,22050,7.0,154350,False
data/processed/audio_clean/lonely/lo-14.wav,lo-14.wav,lonely,22050,7.0,154350,False
data/processed/audio_clean/lonely/lo-3.wav,lo-3.wav,lonely,22050,7.0,154350,False
data/processed/audio_clean/lonely/lo-18 - Copy.wav,lo-18 - Copy.wav,lonely,22050,7.0,154350,False
data/processed/audio_clean/lonely/lo-1 - Copy.wav,lo-1 - Copy.wav,lonely,22050,7.0,154350,False
data/processed/audio_clean/lonely/lo-4.wav,lo-4.wav,lonely,22050,7.0,154350,False
data/processed/audio_clean/lonely/lo-3 - Copy.wav,lo-3 - Copy.wav,lonely,22050,7.0,154350,False
data/processed/audio_clean/lonely/lo-13.wav,lo-13.wav,lonely,22050,7.0,154350,False
data/processed/audio_clean/scared/sc-4 - Copy.wav,sc-4 - Copy.wav,scared,22050,7.0,154350,False
data/processed/audio_clean/scared/sc-15.wav,sc-15.wav,scared,22050,7.0,154350,False
data/processed/audio_clean/scared/sc-13.wav,sc-13.wav,scared,22050,7.0,154350,False
data/processed/audio_clean/scared/sc-12.wav,sc-12.wav,scared,22050,7.0,154350,False
data/processed/audio_clean/scared/sc-17.wav,sc-17.wav,scared,22050,7.0,154350,False
data/processed/audio_clean/scared/sc-13 - Copy.wav,sc-13 - Copy.wav,scared,22050,7.0,154350,False
data/processed/audio_clean/scared/sc-4.wav,sc-4.wav,scared,22050,7.0,154350,False
data/processed/audio_clean/scared/sc-11.wav,sc-11.wav,scared,22050,7.0,154350,False
data/processed/audio_clean/scared/sc-15 - Copy.wav,sc-15 - Copy.wav,scared,22050,7.0,154350,False
data/processed/audio_clean/scared/sc-16.wav,sc-16.wav,scared,22050,7.0,154350,False
data/processed/audio_clean/scared/sc-11 - Copy.wav,sc-11 - Copy.wav,scared,22050,7.0,154350,False
data/processed/audio_clean/scared/sc-5.wav,sc-5.wav,scared,22050,7.0,154350,False
data/processed/audio_clean/scared/sc-9.wav,sc-9.wav,scared,22050,7.0,154350,False
data/processed/audio_clean/tired/ti-19.wav,ti-19.wav,tired,22050,7.0,154350,False
data/processed/audio_clean/tired/ti-41.wav,ti-41.wav,tired,22050,7.0,154350,False
data/processed/audio_clean/tired/ti-25.wav,ti-25.wav,tired,22050,7.0,154350,False
data/processed/audio_clean/tired/ti-3.wav,ti-3.wav,tired,22050,7.0,154350,False
data/processed/audio_clean/tired/ti-42.wav,ti-42.wav,tired,22050,7.0,154350,False
data/processed/audio_clean/tired/ti-40.wav,ti-40.wav,tired,22050,7.0,154350,False
data/processed/audio_clean/burping/aug_burping_0000_add_noise.wav,aug_burping_0000_add_noise.wav,burping,22050,7.0,154350,True
data/processed/audio_clean/burping/aug_burping_0001_time_shift.wav,aug_burping_0001_time_shift.wav,burping,22050,7.0,154350,True
data/processed/audio_clean/burping/aug_burping_0002_time_shift.wav,aug_burping_0002_time_shift.wav,burping,22050,7.0,154350,True
data/processed/audio_clean/burping/aug_burping_0003_time_shift.wav,aug_burping_0003_time_shift.wav,burping,22050,7.0,154350,True
data/processed/audio_clean/burping/aug_burping_0004_pitch_shift.wav,aug_burping_0004_pitch_shift.wav,burping,22050,7.0,154350,True
data/processed/audio_clean/burping/aug_burping_0005_pitch_shift.wav,aug_burping_0005_pitch_shift.wav,burping,22050,7.0,154350,True
data/processed/audio_clean/lonely/aug_lonely_0000_add_noise.wav,aug_lonely_0000_add_noise.wav,lonely,22050,7.0,154350,True
data/processed/audio_clean/lonely/aug_lonely_0001_add_noise.wav,aug_lonely_0001_add_noise.wav,lonely,22050,7.0,154350,True
data/processed/audio_clean/lonely/aug_lonely_0002_time_stretch.wav,aug_lonely_0002_time_stretch.wav,lonely,22050,7.0,154350,True
data/processed/audio_clean/lonely/aug_lonely_0003_time_shift.wav,aug_lonely_0003_time_shift.wav,lonely,22050,7.0,154350,True
data/processed/audio_clean/lonely/aug_lonely_0004_pitch_shift.wav,aug_lonely_0004_pitch_shift.wav,lonely,22050,7.0,154350,True
data/processed/audio_clean/lonely/aug_lonely_0005_time_shift.wav,aug_lonely_0005_time_shift.wav,lonely,22050,7.0,154350,True
data/processed/audio_clean/lonely/aug_lonely_0006_time_stretch.wav,aug_lonely_0006_time_stretch.wav,lonely,22050,7.0,154350,True
data/processed/audio_clean/lonely/aug_lonely_0007_add_noise.wav,aug_lonely_0007_add_noise.wav,lonely,22050,7.0,154350,True
data/processed/audio_clean/lonely/aug_lonely_0008_pitch_shift.wav,aug_lonely_0008_pitch_shift.wav,lonely,22050,7.0,154350,True
data/processed/audio_clean/lonely/aug_lonely_0009_time_stretch.wav,aug_lonely_0009_time_stretch.wav,lonely,22050,7.0,154350,True
data/processed/audio_clean/lonely/aug_lonely_0010_time_stretch.wav,aug_lonely_0010_time_stretch.wav,lonely,22050,7.0,154350,True
data/processed/audio_clean/lonely/aug_lonely_0011_time_shift.wav,aug_lonely_0011_time_shift.wav,lonely,22050,7.0,154350,True
data/processed/audio_clean/lonely/aug_lonely_0012_time_shift.wav,aug_lonely_0012_time_shift.wav,lonely,22050,7.0,154350,True
data/processed/audio_clean/lonely/aug_lonely_0013_time_stretch.wav,aug_lonely_0013_time_stretch.wav,lonely,22050,7.0,154350,True
data/processed/audio_clean/lonely/aug_lonely_0014_add_noise.wav,aug_lonely_0014_add_noise.wav,lonely,22050,7.0,154350,True
data/processed/audio_clean/lonely/aug_lonely_0015_time_shift.wav,aug_lonely_0015_time_shift.wav,lonely,22050,7.0,154350,True
data/processed/audio_clean/lonely/aug_lonely_0016_time_stretch.wav,aug_lonely_0016_time_stretch.wav,lonely,22050,7.0,154350,True
data/processed/audio_clean/lonely/aug_lonely_0017_time_stretch.wav,aug_lonely_0017_time_stretch.wav,lonely,22050,7.0,154350,True
data/processed/audio_clean/lonely/aug_lonely_0018_pitch_shift.wav,aug_lonely_0018_pitch_shift.wav,lonely,22050,7.0,154350,True
data/processed/audio_clean/lonely/aug_lonely_0019_time_stretch.wav,aug_lonely_0019_time_stretch.wav,lonely,22050,7.0,154350,True
data/processed/audio_clean/lonely/aug_lonely_0020_time_stretch.wav,aug_lonely_0020_time_stretch.wav,lonely,22050,7.0,154350,True
data/processed/audio_clean/lonely/aug_lonely_0021_pitch_shift.wav,aug_lonely_0021_pitch_shift.wav,lonely,22050,7.0,154350,True
data/processed/audio_clean/lonely/aug_lonely_0022_add_noise.wav,aug_lonely_0022_add_noise.wav,lonely,22050,7.0,154350,True
data/processed/audio_clean/lonely/aug_lonely_0023_add_noise.wav,aug_lonely_0023_add_noise.wav,lonely,22050,7.0,154350,True
data/processed/audio_clean/lonely/aug_lonely_0024_time_stretch.wav,aug_lonely_0024_time_stretch.wav,lonely,22050,7.0,154350,True
data/processed/audio_clean/lonely/aug_lonely_0025_add_noise.wav,aug_lonely_0025_add_noise.wav,lonely,22050,7.0,154350,True
data/processed/audio_clean/lonely/aug_lonely_0026_add_noise.wav,aug_lonely_0026_add_noise.wav,lonely,22050,7.0,154350,True
data/processed/audio_clean/lonely/aug_lonely_0027_time_shift.wav,aug_lonely_0027_time_shift.wav,lonely,22050,7.0,154350,True
data/processed/audio_clean/lonely/aug_lonely_0028_time_shift.wav,aug_lonely_0028_time_shift.wav,lonely,22050,7.0,154350,True
data/processed/audio_clean/lonely/aug_lonely_0029_add_noise.wav,aug_lonely_0029_add_noise.wav,lonely,22050,7.0,154350,True
data/processed/audio_clean/lonely/aug_lonely_0030_pitch_shift.wav,aug_lonely_0030_pitch_shift.wav,lonely,22050,7.0,154350,True
data/processed/audio_clean/lonely/aug_lonely_0031_time_shift.wav,aug_lonely_0031_time_shift.wav,lonely,22050,7.0,154350,True
data/processed/audio_clean/lonely/aug_lonely_0032_time_shift.wav,aug_lonely_0032_time_shift.wav,lonely,22050,7.0,154350,True
data/processed/audio_clean/lonely/aug_lonely_0033_pitch_shift.wav,aug_lonely_0033_pitch_shift.wav,lonely,22050,7.0,154350,True
data/processed/audio_clean/lonely/aug_lonely_0034_pitch_shift.wav,aug_lonely_0034_pitch_shift.wav,lonely,22050,7.0,154350,True
data/processed/audio_clean/lonely/aug_lonely_0035_add_noise.wav,aug_lonely_0035_add_noise.wav,lonely,22050,7.0,154350,True
data/processed/audio_clean/lonely/aug_lonely_0036_time_shift.wav,aug_lonely_0036_time_shift.wav,lonely,22050,7.0,154350,True
data/processed/audio_clean/lonely/aug_lonely_0037_add_noise.wav,aug_lonely_0037_add_noise.wav,lonely,22050,7.0,154350,True
data/processed/audio_clean/lonely/aug_lonely_0038_time_stretch.wav,aug_lonely_0038_time_stretch.wav,lonely,22050,7.0,154350,True
data/processed/audio_clean/lonely/aug_lonely_0039_add_noise.wav,aug_lonely_0039_add_noise.wav,lonely,22050,7.0,154350,True
data/processed/audio_clean/lonely/aug_lonely_0040_time_stretch.wav,aug_lonely_0040_time_stretch.wav,lonely,22050,7.0,154350,True
data/processed/audio_clean/lonely/aug_lonely_0041_add_noise.wav,aug_lonely_0041_add_noise.wav,lonely,22050,7.0,154350,True
data/processed/audio_clean/lonely/aug_lonely_0042_pitch_shift.wav,aug_lonely_0042_pitch_shift.wav,lonely,22050,7.0,154350,True
data/processed/audio_clean/lonely/aug_lonely_0043_pitch_shift.wav,aug_lonely_0043_pitch_shift.wav,lonely,22050,7.0,154350,True
data/processed/audio_clean/lonely/aug_lonely_0044_add_noise.wav,aug_lonely_0044_add_noise.wav,lonely,22050,7.0,154350,True
data/processed/audio_clean/lonely/aug_lonely_0045_pitch_shift.wav,aug_lonely_0045_pitch_shift.wav,lonely,22050,7.0,154350,True
data/processed/audio_clean/lonely/aug_lonely_0046_pitch_shift.wav,aug_lonely_0046_pitch_shift.wav,lonely,22050,7.0,154350,True
data/processed/audio_clean/lonely/aug_lonely_0047_time_stretch.wav,aug_lonely_0047_time_stretch.wav,lonely,22050,7.0,154350,True
data/processed/audio_clean/lonely/aug_lonely_0048_pitch_shift.wav,aug_lonely_0048_pitch_shift.wav,lonely,22050,7.0,154350,True
data/processed/audio_clean/lonely/aug_lonely_0049_time_stretch.wav,aug_lonely_0049_time_stretch.wav,lonely,22050,7.0,154350,True
data/processed/audio_clean/lonely/aug_lonely_0050_pitch_shift.wav,aug_lonely_0050_pitch_shift.wav,lonely,22050,7.0,154350,True
data/processed/audio_clean/lonely/aug_lonely_0051_pitch_shift.wav,aug_lonely_0051_pitch_shift.wav,lonely,22050,7.0,154350,True
data/processed/audio_clean/lonely/aug_lonely_0052_time_shift.wav,aug_lonely_0052_time_shift.wav,lonely,22050,7.0,154350,True
data/processed/audio_clean/lonely/aug_lonely_0053_time_shift.wav,aug_lonely_0053_time_shift.wav,lonely,22050,7.0,154350,True
data/processed/audio_clean/lonely/aug_lonely_0054_time_shift.wav,aug_lonely_0054_time_shift.wav,lonely,22050,7.0,154350,True
data/processed/audio_clean/lonely/aug_lonely_0055_pitch_shift.wav,aug_lonely_0055_pitch_shift.wav,lonely,22050,7.0,154350,True
data/processed/audio_clean/lonely/aug_lonely_0056_pitch_shift.wav,aug_lonely_0056_pitch_shift.wav,lonely,22050,7.0,154350,True
data/processed/audio_clean/lonely/aug_lonely_0057_pitch_shift.wav,aug_lonely_0057_pitch_shift.wav,lonely,22050,7.0,154350,True
data/processed/audio_clean/lonely/aug_lonely_0058_add_noise.wav,aug_lonely_0058_add_noise.wav,lonely,22050,7.0,154350,True
data/processed/audio_clean/lonely/aug_lonely_0059_pitch_shift.wav,aug_lonely_0059_pitch_shift.wav,lonely,22050,7.0,154350,True
data/processed/audio_clean/lonely/aug_lonely_0060_add_noise.wav,aug_lonely_0060_add_noise.wav,lonely,22050,7.0,154350,True
data/processed/audio_clean/lonely/aug_lonely_0061_time_shift.wav,aug_lonely_0061_time_shift.wav,lonely,22050,7.0,154350,True
data/processed/audio_clean/lonely/aug_lonely_0062_time_stretch.wav,aug_lonely_0062_time_stretch.wav,lonely,22050,7.0,154350,True
data/processed/audio_clean/lonely/aug_lonely_0063_time_stretch.wav,aug_lonely_0063_time_stretch.wav,lonely,22050,7.0,154350,True
data/processed/audio_clean/lonely/aug_lonely_0064_time_shift.wav,aug_lonely_0064_time_shift.wav,lonely,22050,7.0,154350,True
data/processed/audio_clean/lonely/aug_lonely_0065_add_noise.wav,aug_lonely_0065_add_noise.wav,lonely,22050,7.0,154350,True
data/processed/audio_clean/lonely/aug_lonely_0066_time_shift.wav,aug_lonely_0066_time_shift.wav,lonely,22050,7.0,154350,True
data/processed/audio_clean/lonely/aug_lonely_0067_pitch_shift.wav,aug_lonely_0067_pitch_shift.wav,lonely,22050,7.0,154350,True
data/processed/audio_clean/lonely/aug_lonely_0068_pitch_shift.wav,aug_lonely_0068_pitch_shift.wav,lonely,22050,7.0,154350,True
data/processed/audio_clean/lonely/aug_lonely_0069_pitch_shift.wav,aug_lonely_0069_pitch_shift.wav,lonely,22050,7.0,154350,True
data/processed/audio_clean/lonely/aug_lonely_0070_time_stretch.wav,aug_lonely_0070_time_stretch.wav,lonely,22050,7.0,154350,True
data/processed/audio_clean/lonely/aug_lonely_0071_add_noise.wav,aug_lonely_0071_add_noise.wav,lonely,22050,7.0,154350,True
data/processed/audio_clean/lonely/aug_lonely_0072_pitch_shift.wav,aug_lonely_0072_pitch_shift.wav,lonely,22050,7.0,154350,True
data/processed/audio_clean/lonely/aug_lonely_0073_time_stretch.wav,aug_lonely_0073_time_stretch.wav,lonely,22050,7.0,154350,True
data/processed/audio_clean/lonely/aug_lonely_0074_pitch_shift.wav,aug_lonely_0074_pitch_shift.wav,lonely,22050,7.0,154350,True
data/processed/audio_clean/lonely/aug_lonely_0075_time_shift.wav,aug_lonely_0075_time_shift.wav,lonely,22050,7.0,154350,True
data/processed/audio_clean/lonely/aug_lonely_0076_time_shift.wav,aug_lonely_0076_time_shift.wav,lonely,22050,7.0,154350,True
data/processed/audio_clean/lonely/aug_lonely_0077_time_stretch.wav,aug_lonely_0077_time_stretch.wav,lonely,22050,7.0,154350,True
data/processed/audio_clean/lonely/aug_lonely_0078_add_noise.wav,aug_lonely_0078_add_noise.wav,lonely,22050,7.0,154350,True
data/processed/audio_clean/lonely/aug_lonely_0079_add_noise.wav,aug_lonely_0079_add_noise.wav,lonely,22050,7.0,154350,True
data/processed/audio_clean/lonely/aug_lonely_0080_time_shift.wav,aug_lonely_0080_time_shift.wav,lonely,22050,7.0,154350,True
data/processed/audio_clean/lonely/aug_lonely_0081_time_stretch.wav,aug_lonely_0081_time_stretch.wav,lonely,22050,7.0,154350,True
data/processed/audio_clean/lonely/aug_lonely_0082_add_noise.wav,aug_lonely_0082_add_noise.wav,lonely,22050,7.0,154350,True
data/processed/audio_clean/lonely/aug_lonely_0083_time_stretch.wav,aug_lonely_0083_time_stretch.wav,lonely,22050,7.0,154350,True
data/processed/audio_clean/lonely/aug_lonely_0084_pitch_shift.wav,aug_lonely_0084_pitch_shift.wav,lonely,22050,7.0,154350,True
data/processed/audio_clean/lonely/aug_lonely_0085_time_stretch.wav,aug_lonely_0085_time_stretch.wav,lonely,22050,7.0,154350,True
data/processed/audio_clean/lonely/aug_lonely_0086_time_stretch.wav,aug_lonely_0086_time_stretch.wav,lonely,22050,7.0,154350,True
data/processed/audio_clean/lonely/aug_lonely_0087_time_stretch.wav,aug_lonely_0087_time_stretch.wav,lonely,22050,7.0,154350,True
data/processed/audio_clean/lonely/aug_lonely_0088_pitch_shift.wav,aug_lonely_0088_pitch_shift.wav,lonely,22050,7.0,154350,True
data/processed/audio_clean/lonely/aug_lonely_0089_add_noise.wav,aug_lonely_0089_add_noise.wav,lonely,22050,7.0,154350,True
data/processed/audio_clean/lonely/aug_lonely_0090_pitch_shift.wav,aug_lonely_0090_pitch_shift.wav,lonely,22050,7.0,154350,True
data/processed/audio_clean/lonely/aug_lonely_0091_time_stretch.wav,aug_lonely_0091_time_stretch.wav,lonely,22050,7.0,154350,True
data/processed/audio_clean/lonely/aug_lonely_0092_add_noise.wav,aug_lonely_0092_add_noise.wav,lonely,22050,7.0,154350,True
data/processed/audio_clean/lonely/aug_lonely_0093_pitch_shift.wav,aug_lonely_0093_pitch_shift.wav,lonely,22050,7.0,154350,True
data/processed/audio_clean/lonely/aug_lonely_0094_time_shift.wav,aug_lonely_0094_time_shift.wav,lonely,22050,7.0,154350,True
data/processed/audio_clean/lonely/aug_lonely_0095_time_shift.wav,aug_lonely_0095_time_shift.wav,lonely,22050,7.0,154350,True
data/processed/audio_clean/lonely/aug_lonely_0096_add_noise.wav,aug_lonely_0096_add_noise.wav,lonely,22050,7.0,154350,True
data/processed/audio_clean/lonely/aug_lonely_0097_time_shift.wav,aug_lonely_0097_time_shift.wav,lonely,22050,7.0,154350,True
data/processed/audio_clean/lonely/aug_lonely_0098_time_stretch.wav,aug_lonely_0098_time_stretch.wav,lonely,22050,7.0,154350,True
data/processed/audio_clean/lonely/aug_lonely_0099_add_noise.wav,aug_lonely_0099_add_noise.wav,lonely,22050,7.0,154350,True
data/processed/audio_clean/lonely/aug_lonely_0100_pitch_shift.wav,aug_lonely_0100_pitch_shift.wav,lonely,22050,7.0,154350,True
data/processed/audio_clean/lonely/aug_lonely_0101_pitch_shift.wav,aug_lonely_0101_pitch_shift.wav,lonely,22050,7.0,154350,True
data/processed/audio_clean/lonely/aug_lonely_0102_pitch_shift.wav,aug_lonely_0102_pitch_shift.wav,lonely,22050,7.0,154350,True
data/processed/audio_clean/lonely/aug_lonely_0103_time_stretch.wav,aug_lonely_0103_time_stretch.wav,lonely,22050,7.0,154350,True
data/processed/audio_clean/lonely/aug_lonely_0104_time_shift.wav,aug_lonely_0104_time_shift.wav,lonely,22050,7.0,154350,True
data/processed/audio_clean/lonely/aug_lonely_0105_add_noise.wav,aug_lonely_0105_add_noise.wav,lonely,22050,7.0,154350,True
data/processed/audio_clean/scared/aug_scared_0000_time_stretch.wav,aug_scared_0000_time_stretch.wav,scared,22050,7.0,154350,True
data/processed/audio_clean/scared/aug_scared_0001_time_shift.wav,aug_scared_0001_time_shift.wav,scared,22050,7.0,154350,True
data/processed/audio_clean/scared/aug_scared_0002_time_shift.wav,aug_scared_0002_time_shift.wav,scared,22050,7.0,154350,True
data/processed/audio_clean/scared/aug_scared_0003_time_shift.wav,aug_scared_0003_time_shift.wav,scared,22050,7.0,154350,True
data/processed/audio_clean/scared/aug_scared_0004_time_stretch.wav,aug_scared_0004_time_stretch.wav,scared,22050,7.0,154350,True
data/processed/audio_clean/scared/aug_scared_0005_add_noise.wav,aug_scared_0005_add_noise.wav,scared,22050,7.0,154350,True
data/processed/audio_clean/scared/aug_scared_0006_time_shift.wav,aug_scared_0006_time_shift.wav,scared,22050,7.0,154350,True
data/processed/audio_clean/scared/aug_scared_0007_add_noise.wav,aug_scared_0007_add_noise.wav,scared,22050,7.0,154350,True
data/processed/audio_clean/scared/aug_scared_0008_pitch_shift.wav,aug_scared_0008_pitch_shift.wav,scared,22050,7.0,154350,True
data/processed/audio_clean/scared/aug_scared_0009_time_shift.wav,aug_scared_0009_time_shift.wav,scared,22050,7.0,154350,True
data/processed/audio_clean/scared/aug_scared_0010_pitch_shift.wav,aug_scared_0010_pitch_shift.wav,scared,22050,7.0,154350,True
data/processed/audio_clean/scared/aug_scared_0011_pitch_shift.wav,aug_scared_0011_pitch_shift.wav,scared,22050,7.0,154350,True
data/processed/audio_clean/scared/aug_scared_0012_add_noise.wav,aug_scared_0012_add_noise.wav,scared,22050,7.0,154350,True
data/processed/audio_clean/scared/aug_scared_0013_time_stretch.wav,aug_scared_0013_time_stretch.wav,scared,22050,7.0,154350,True
data/processed/audio_clean/scared/aug_scared_0014_pitch_shift.wav,aug_scared_0014_pitch_shift.wav,scared,22050,7.0,154350,True
data/processed/audio_clean/scared/aug_scared_0015_add_noise.wav,aug_scared_0015_add_noise.wav,scared,22050,7.0,154350,True
data/processed/audio_clean/scared/aug_scared_0016_pitch_shift.wav,aug_scared_0016_pitch_shift.wav,scared,22050,7.0,154350,True
data/processed/audio_clean/scared/aug_scared_0017_add_noise.wav,aug_scared_0017_add_noise.wav,scared,22050,7.0,154350,True
data/processed/audio_clean/scared/aug_scared_0018_pitch_shift.wav,aug_scared_0018_pitch_shift.wav,scared,22050,7.0,154350,True
data/processed/audio_clean/scared/aug_scared_0019_add_noise.wav,aug_scared_0019_add_noise.wav,scared,22050,7.0,154350,True
data/processed/audio_clean/scared/aug_scared_0020_time_shift.wav,aug_scared_0020_time_shift.wav,scared,22050,7.0,154350,True
data/processed/audio_clean/scared/aug_scared_0021_time_shift.wav,aug_scared_0021_time_shift.wav,scared,22050,7.0,154350,True
data/processed/audio_clean/scared/aug_scared_0022_time_stretch.wav,aug_scared_0022_time_stretch.wav,scared,22050,7.0,154350,True
data/processed/audio_clean/scared/aug_scared_0023_time_shift.wav,aug_scared_0023_time_shift.wav,scared,22050,7.0,154350,True
data/processed/audio_clean/scared/aug_scared_0024_time_stretch.wav,aug_scared_0024_time_stretch.wav,scared,22050,7.0,154350,True
data/processed/audio_clean/scared/aug_scared_0025_time_stretch.wav,aug_scared_0025_time_stretch.wav,scared,22050,7.0,154350,True
data/processed/audio_clean/scared/aug_scared_0026_time_shift.wav,aug_scared_0026_time_shift.wav,scared,22050,7.0,154350,True
data/processed/audio_clean/scared/aug_scared_0027_time_stretch.wav,aug_scared_0027_time_stretch.wav,scared,22050,7.0,154350,True
data/processed/audio_clean/scared/aug_scared_0028_add_noise.wav,aug_scared_0028_add_noise.wav,scared,22050,7.0,154350,True
data/processed/audio_clean/scared/aug_scared_0029_add_noise.wav,aug_scared_0029_add_noise.wav,scared,22050,7.0,154350,True
data/processed/audio_clean/scared/aug_scared_0030_add_noise.wav,aug_scared_0030_add_noise.wav,scared,22050,7.0,154350,True
data/processed/audio_clean/scared/aug_scared_0031_add_noise.wav,aug_scared_0031_add_noise.wav,scared,22050,7.0,154350,True
data/processed/audio_clean/scared/aug_scared_0032_add_noise.wav,aug_scared_0032_add_noise.wav,scared,22050,7.0,154350,True
data/processed/audio_clean/scared/aug_scared_0033_add_noise.wav,aug_scared_0033_add_noise.wav,scared,22050,7.0,154350,True
data/processed/audio_clean/scared/aug_scared_0034_time_shift.wav,aug_scared_0034_time_shift.wav,scared,22050,7.0,154350,True
data/processed/audio_clean/scared/aug_scared_0035_time_shift.wav,aug_scared_0035_time_shift.wav,scared,22050,7.0,154350,True
data/processed/audio_clean/scared/aug_scared_0036_add_noise.wav,aug_scared_0036_add_noise.wav,scared,22050,7.0,154350,True
data/processed/audio_clean/scared/aug_scared_0037_add_noise.wav,aug_scared_0037_add_noise.wav,scared,22050,7.0,154350,True
data/processed/audio_clean/scared/aug_scared_0038_time_shift.wav,aug_scared_0038_time_shift.wav,scared,22050,7.0,154350,True
data/processed/audio_clean/scared/aug_scared_0039_time_stretch.wav,aug_scared_0039_time_stretch.wav,scared,22050,7.0,154350,True
data/processed/audio_clean/scared/aug_scared_0040_time_stretch.wav,aug_scared_0040_time_stretch.wav,scared,22050,7.0,154350,True
data/processed/audio_clean/scared/aug_scared_0041_time_stretch.wav,aug_scared_0041_time_stretch.wav,scared,22050,7.0,154350,True
data/processed/audio_clean/scared/aug_scared_0042_time_stretch.wav,aug_scared_0042_time_stretch.wav,scared,22050,7.0,154350,True
data/processed/audio_clean/scared/aug_scared_0043_pitch_shift.wav,aug_scared_0043_pitch_shift.wav,scared,22050,7.0,154350,True
data/processed/audio_clean/scared/aug_scared_0044_pitch_shift.wav,aug_scared_0044_pitch_shift.wav,scared,22050,7.0,154350,True
data/processed/audio_clean/scared/aug_scared_0045_add_noise.wav,aug_scared_0045_add_noise.wav,scared,22050,7.0,154350,True
data/processed/audio_clean/scared/aug_scared_0046_time_stretch.wav,aug_scared_0046_time_stretch.wav,scared,22050,7.0,154350,True
data/processed/audio_clean/scared/aug_scared_0047_pitch_shift.wav,aug_scared_0047_pitch_shift.wav,scared,22050,7.0,154350,True
data/processed/audio_clean/scared/aug_scared_0048_time_stretch.wav,aug_scared_0048_time_stretch.wav,scared,22050,7.0,154350,True
data/processed/audio_clean/scared/aug_scared_0049_pitch_shift.wav,aug_scared_0049_pitch_shift.wav,scared,22050,7.0,154350,True
data/processed/audio_clean/scared/aug_scared_0050_time_shift.wav,aug_scared_0050_time_shift.wav,scared,22050,7.0,154350,True
data/processed/audio_clean/scared/aug_scared_0051_add_noise.wav,aug_scared_0051_add_noise.wav,scared,22050,7.0,154350,True
data/processed/audio_clean/scared/aug_scared_0052_add_noise.wav,aug_scared_0052_add_noise.wav,scared,22050,7.0,154350,True
data/processed/audio_clean/scared/aug_scared_0053_pitch_shift.wav,aug_scared_0053_pitch_shift.wav,scared,22050,7.0,154350,True
data/processed/audio_clean/scared/aug_scared_0054_time_shift.wav,aug_scared_0054_time_shift.wav,scared,22050,7.0,154350,True
data/processed/audio_clean/scared/aug_scared_0055_time_stretch.wav,aug_scared_0055_time_stretch.wav,scared,22050,7.0,154350,True
data/processed/audio_clean/scared/aug_scared_0056_add_noise.wav,aug_scared_0056_add_noise.wav,scared,22050,7.0,154350,True
data/processed/audio_clean/scared/aug_scared_0057_time_shift.wav,aug_scared_0057_time_shift.wav,scared,22050,7.0,154350,True
data/processed/audio_clean/scared/aug_scared_0058_time_shift.wav,aug_scared_0058_time_shift.wav,scared,22050,7.0,154350,True
data/processed/audio_clean/scared/aug_scared_0059_time_shift.wav,aug_scared_0059_time_shift.wav,scared,22050,7.0,154350,True
data/processed/audio_clean/scared/aug_scared_0060_add_noise.wav,aug_scared_0060_add_noise.wav,scared,22050,7.0,154350,True
data/processed/audio_clean/scared/aug_scared_0061_pitch_shift.wav,aug_scared_0061_pitch_shift.wav,scared,22050,7.0,154350,True
data/processed/audio_clean/scared/aug_scared_0062_time_shift.wav,aug_scared_0062_time_shift.wav,scared,22050,7.0,154350,True
data/processed/audio_clean/scared/aug_scared_0063_add_noise.wav,aug_scared_0063_add_noise.wav,scared,22050,7.0,154350,True
data/processed/audio_clean/scared/aug_scared_0064_add_noise.wav,aug_scared_0064_add_noise.wav,scared,22050,7.0,154350,True
data/processed/audio_clean/scared/aug_scared_0065_add_noise.wav,aug_scared_0065_add_noise.wav,scared,22050,7.0,154350,True
data/processed/audio_clean/scared/aug_scared_0066_add_noise.wav,aug_scared_0066_add_noise.wav,scared,22050,7.0,154350,True
data/processed/audio_clean/scared/aug_scared_0067_add_noise.wav,aug_scared_0067_add_noise.wav,scared,22050,7.0,154350,True
data/processed/audio_clean/scared/aug_scared_0068_time_stretch.wav,aug_scared_0068_time_stretch.wav,scared,22050,7.0,154350,True
data/processed/audio_clean/scared/aug_scared_0069_pitch_shift.wav,aug_scared_0069_pitch_shift.wav,scared,22050,7.0,154350,True
data/processed/audio_clean/scared/aug_scared_0070_add_noise.wav,aug_scared_0070_add_noise.wav,scared,22050,7.0,154350,True
data/processed/audio_clean/scared/aug_scared_0071_add_noise.wav,aug_scared_0071_add_noise.wav,scared,22050,7.0,154350,True
data/processed/audio_clean/scared/aug_scared_0072_add_noise.wav,aug_scared_0072_add_noise.wav,scared,22050,7.0,154350,True
data/processed/audio_clean/scared/aug_scared_0073_add_noise.wav,aug_scared_0073_add_noise.wav,scared,22050,7.0,154350,True
data/processed/audio_clean/scared/aug_scared_0074_pitch_shift.wav,aug_scared_0074_pitch_shift.wav,scared,22050,7.0,154350,True
data/processed/audio_clean/scared/aug_scared_0075_pitch_shift.wav,aug_scared_0075_pitch_shift.wav,scared,22050,7.0,154350,True
data/processed/audio_clean/scared/aug_scared_0076_time_shift.wav,aug_scared_0076_time_shift.wav,scared,22050,7.0,154350,True
data/processed/audio_clean/scared/aug_scared_0077_pitch_shift.wav,aug_scared_0077_pitch_shift.wav,scared,22050,7.0,154350,True
data/processed/audio_clean/scared/aug_scared_0078_time_stretch.wav,aug_scared_0078_time_stretch.wav,scared,22050,7.0,154350,True
data/processed/audio_clean/scared/aug_scared_0079_pitch_shift.wav,aug_scared_0079_pitch_shift.wav,scared,22050,7.0,154350,True
data/processed/audio_clean/scared/aug_scared_0080_add_noise.wav,aug_scared_0080_add_noise.wav,scared,22050,7.0,154350,True
data/processed/audio_clean/scared/aug_scared_0081_pitch_shift.wav,aug_scared_0081_pitch_shift.wav,scared,22050,7.0,154350,True
data/processed/audio_clean/scared/aug_scared_0082_time_stretch.wav,aug_scared_0082_time_stretch.wav,scared,22050,7.0,154350,True
data/processed/audio_clean/scared/aug_scared_0083_time_stretch.wav,aug_scared_0083_time_stretch.wav,scared,22050,7.0,154350,True
data/processed/audio_clean/scared/aug_scared_0084_add_noise.wav,aug_scared_0084_add_noise.wav,scared,22050,7.0,154350,True
data/processed/audio_clean/scared/aug_scared_0085_time_shift.wav,aug_scared_0085_time_shift.wav,scared,22050,7.0,154350,True
data/processed/audio_clean/scared/aug_scared_0086_pitch_shift.wav,aug_scared_0086_pitch_shift.wav,scared,22050,7.0,154350,True
data/processed/audio_clean/scared/aug_scared_0087_time_stretch.wav,aug_scared_0087_time_stretch.wav,scared,22050,7.0,154350,True
data/processed/audio_clean/scared/aug_scared_0088_add_noise.wav,aug_scared_0088_add_noise.wav,scared,22050,7.0,154350,True
data/processed/audio_clean/scared/aug_scared_0089_time_stretch.wav,aug_scared_0089_time_stretch.wav,scared,22050,7.0,154350,True
data/processed/audio_clean/scared/aug_scared_0090_time_stretch.wav,aug_scared_0090_time_stretch.wav,scared,22050,7.0,154350,True
data/processed/audio_clean/scared/aug_scared_0091_time_shift.wav,aug_scared_0091_time_shift.wav,scared,22050,7.0,154350,True
data/processed/audio_clean/scared/aug_scared_0092_pitch_shift.wav,aug_scared_0092_pitch_shift.wav,scared,22050,7.0,154350,True
data/processed/audio_clean/scared/aug_scared_0093_add_noise.wav,aug_scared_0093_add_noise.wav,scared,22050,7.0,154350,True
data/processed/audio_clean/scared/aug_scared_0094_time_shift.wav,aug_scared_0094_time_shift.wav,scared,22050,7.0,154350,True
data/processed/audio_clean/scared/aug_scared_0095_pitch_shift.wav,aug_scared_0095_pitch_shift.wav,scared,22050,7.0,154350,True
data/processed/audio_clean/scared/aug_scared_0096_add_noise.wav,aug_scared_0096_add_noise.wav,scared,22050,7.0,154350,True
